order_id,order_time,customer_id,customer_name,is_member,product_id,product_name,category,quantity,unit_price,sales_amount,unit_cost,cost_amount,profit
O0001,2026-08-17 13:11:00,C036,ลูกค้า 36,True,W04,ชาเขียว,เครื่องดื่ม,1,23,23,14,14,9
O0001,2026-08-17 13:11:00,C036,ลูกค้า 36,True,W02,น้ำแร่,เครื่องดื่ม,1,15,15,9,9,6
O0001,2026-08-17 13:11:00,C036,ลูกค้า 36,True,S03,ช็อกโกแลต,ขนม,2,30,60,16,32,28
O0002,2026-08-19 17:28:00,C018,ลูกค้า 18,True,S03,ช็อกโกแลต,ขนม,2,30,60,16,32,28
O0003,2026-08-01 19:34:00,C050,ลูกค้า 50,False,W05,เครื่องดื่มวิตามิน,เครื่องดื่ม,1,20,20,11,11,9
O0004,2026-08-26 10:06:00,C024,ลูกค้า 24,False,S07,เยลลี่,ขนม,3,24,72,15,45,27
O0004,2026-08-26 10:06:00,C024,ลูกค้า 24,False,W02,น้ำแร่,เครื่องดื่ม,4,15,60,9,36,24
O0005,2026-08-16 17:25:00,C045,ลูกค้า 45,False,S03,ช็อกโกแลต,ขนม,4,30,120,16,64,56
O0005,2026-08-16 17:25:00,C045,ลูกค้า 45,False,W05,เครื่องดื่มวิตามิน,เครื่องดื่ม,2,20,40,11,22,18
O0005,2026-08-16 17:25:00,C045,ลูกค้า 45,False,W04,ชาเขียว,เครื่องดื่ม,3,23,69,14,42,27
O0006,2026-08-16 14:03:00,C031,ลูกค้า 31,True,S10,เค้ก,ขนม,4,32,128,20,80,48
O0006,2026-08-16 14:03:00,C031,ลูกค้า 31,True,S02,ขนมปังกรอบ,ขนม,4,24,96,9,36,60
O0006,2026-08-16 14:03:00,C031,ลูกค้า 31,True,W02,น้ำแร่,เครื่องดื่ม,2,15,30,9,18,12
O0007,2026-08-12 13:18:00,C050,ลูกค้า 50,False,W01,น้ำดื่ม,เครื่องดื่ม,2,19,38,14,28,10
O0007,2026-08-12 13:18:00,C050,ลูกค้า 50,False,S10,เค้ก,ขนม,4,32,128,20,80,48
O0007,2026-08-12 13:18:00,C050,ลูกค้า 50,False,W04,ชาเขียว,เครื่องดื่ม,2,23,46,14,28,18
O0007,2026-08-12 13:18:00,C050,ลูกค้า 50,False,S03,ช็อกโกแลต,ขนม,4,30,120,16,64,56
O0008,2026-08-22 20:53:00,C003,ลูกค้า 3,True,W01,น้ำดื่ม,เครื่องดื่ม,1,19,19,14,14,5
O0009,2026-08-05 12:04:00,C001,ลูกค้า 1,False,S10,เค้ก,ขนม,3,32,96,20,60,36
O0009,2026-08-05 12:04:00,C001,ลูกค้า 1,False,S06,ข้าวเกรียบ,ขนม,4,18,72,10,40,32
O0009,2026-08-05 12:04:00,C001,ลูกค้า 1,False,S08,ถั่วอบ,ขนม,4,22,88,16,64,24
O0010,2026-08-05 19:54:00,C003,ลูกค้า 3,True,S08,ถั่วอบ,ขนม,4,22,88,16,64,24
O0010,2026-08-05 19:54:00,C003,ลูกค้า 3,True,S09,ขนมแท่ง,ขนม,2,23,46,11,22,24
O0010,2026-08-05 19:54:00,C003,ลูกค้า 3,True,S02,ขนมปังกรอบ,ขนม,1,24,24,9,9,15
O0010,2026-08-05 19:54:00,C003,ลูกค้า 3,True,W04,ชาเขียว,เครื่องดื่ม,2,23,46,14,28,18
O0011,2026-08-24 21:21:00,C016,ลูกค้า 16,True,S09,ขนมแท่ง,ขนม,1,23,23,11,11,12
O0012,2026-08-09 19:07:00,C020,ลูกค้า 20,True,W04,ชาเขียว,เครื่องดื่ม,2,23,46,14,28,18
O0012,2026-08-09 19:07:00,C020,ลูกค้า 20,True,S10,เค้ก,ขนม,3,32,96,20,60,36
O0012,2026-08-09 19:07:00,C020,ลูกค้า 20,True,S09,ขนมแท่ง,ขนม,4,23,92,11,44,48
O0012,2026-08-09 19:07:00,C020,ลูกค้า 20,True,S07,เยลลี่,ขนม,4,24,96,15,60,36
O0013,2026-08-05 07:00:00,C003,ลูกค้า 3,True,S07,เยลลี่,ขนม,2,24,48,15,30,18
O0014,2026-08-29 14:12:00,C041,ลูกค้า 41,False,S01,มันฝรั่งทอด,ขนม,2,30,60,16,32,28
O0014,2026-08-29 14:12:00,C041,ลูกค้า 41,False,S04,เวเฟอร์,ขนม,1,25,25,15,15,10
O0015,2026-08-06 13:48:00,C007,ลูกค้า 7,False,W03,น้ำอัดลม,เครื่องดื่ม,3,20,60,13,39,21
O0016,2026-08-14 11:08:00,C031,ลูกค้า 31,True,S08,ถั่วอบ,ขนม,4,22,88,16,64,24
O0017,2026-08-29 20:42:00,C029,ลูกค้า 29,False,S08,ถั่วอบ,ขนม,2,22,44,16,32,12
O0018,2026-08-28 07:35:00,C047,ลูกค้า 47,False,S05,คุกกี้,ขนม,4,28,112,13,52,60
O0019,2026-08-25 12:00:00,C024,ลูกค้า 24,False,W02,น้ำแร่,เครื่องดื่ม,2,15,30,9,18,12
O0019,2026-08-25 12:00:00,C024,ลูกค้า 24,False,S10,เค้ก,ขนม,1,32,32,20,20,12
O0019,2026-08-25 12:00:00,C024,ลูกค้า 24,False,S06,ข้าวเกรียบ,ขนม,4,18,72,10,40,32
O0019,2026-08-25 12:00:00,C024,ลูกค้า 24,False,W05,เครื่องดื่มวิตามิน,เครื่องดื่ม,1,20,20,11,11,9
O0020,2026-08-29 09:49:00,C033,ลูกค้า 33,True,S03,ช็อกโกแลต,ขนม,2,30,60,16,32,28
O0020,2026-08-29 09:49:00,C033,ลูกค้า 33,True,S09,ขนมแท่ง,ขนม,1,23,23,11,11,12
O0020,2026-08-29 09:49:00,C033,ลูกค้า 33,True,W05,เครื่องดื่มวิตามิน,เครื่องดื่ม,3,20,60,11,33,27
O0021,2026-08-01 15:02:00,C049,ลูกค้า 49,True,W04,ชาเขียว,เครื่องดื่ม,3,23,69,14,42,27
O0021,2026-08-01 15:02:00,C049,ลูกค้า 49,True,S01,มันฝรั่งทอด,ขนม,2,30,60,16,32,28
O0021,2026-08-01 15:02:00,C049,ลูกค้า 49,True,S07,เยลลี่,ขนม,1,24,24,15,15,9
O0022,2026-08-28 18:40:00,C007,ลูกค้า 7,False,S01,มันฝรั่งทอด,ขนม,1,30,30,16,16,14
O0022,2026-08-28 18:40:00,C007,ลูกค้า 7,False,S09,ขนมแท่ง,ขนม,4,23,92,11,44,48
O0022,2026-08-28 18:40:00,C007,ลูกค้า 7,False,S05,คุกกี้,ขนม,2,28,56,13,26,30
O0023,2026-08-27 16:45:00,C004,ลูกค้า 4,True,S01,มันฝรั่งทอด,ขนม,2,30,60,16,32,28
O0023,2026-08-27 16:45:00,C004,ลูกค้า 4,True,W05,เครื่องดื่มวิตามิน,เครื่องดื่ม,4,20,80,11,44,36
O0023,2026-08-27 16:45:00,C004,ลูกค้า 4,True,S05,คุกกี้,ขนม,1,28,28,13,13,15
O0024,2026-08-11 18:46:00,C034,ลูกค้า 34,True,S08,ถั่วอบ,ขนม,2,22,44,16,32,12
O0025,2026-08-05 09:45:00,C031,ลูกค้า 31,True,S02,ขนมปังกรอบ,ขนม,1,24,24,9,9,15
O0025,2026-08-05 09:45:00,C031,ลูกค้า 31,True,S09,ขนมแท่ง,ขนม,1,23,23,11,11,12
O0025,2026-08-05 09:45:00,C031,ลูกค้า 31,True,W05,เครื่องดื่มวิตามิน,เครื่องดื่ม,4,20,80,11,44,36
O0026,2026-08-04 10:00:00,C018,ลูกค้า 18,True,W04,ชาเขียว,เครื่องดื่ม,3,23,69,14,42,27
O0026,2026-08-04 10:00:00,C018,ลูกค้า 18,True,S07,เยลลี่,ขนม,2,24,48,15,30,18
O0027,2026-08-17 15:52:00,C041,ลูกค้า 41,False,W03,น้ำอัดลม,เครื่องดื่ม,2,20,40,13,26,14
O0028,2026-08-03 13:50:00,C041,ลูกค้า 41,False,S01,มันฝรั่งทอด,ขนม,4,30,120,16,64,56
O0028,2026-08-03 13:50:00,C041,ลูกค้า 41,False,S09,ขนมแท่ง,ขนม,1,23,23,11,11,12
O0028,2026-08-03 13:50:00,C041,ลูกค้า 41,False,S08,ถั่วอบ,ขนม,1,22,22,16,16,6
O0028,2026-08-03 13:50:00,C041,ลูกค้า 41,False,W01,น้ำดื่ม,เครื่องดื่ม,4,19,76,14,56,20
O0029,2026-08-20 16:36:00,C045,ลูกค้า 45,False,W05,เครื่องดื่มวิตามิน,เครื่องดื่ม,2,20,40,11,22,18
O0029,2026-08-20 16:36:00,C045,ลูกค้า 45,False,W03,น้ำอัดลม,เครื่องดื่ม,1,20,20,13,13,7
O0029,2026-08-20 16:36:00,C045,ลูกค้า 45,False,S06,ข้าวเกรียบ,ขนม,2,18,36,10,20,16
O0030,2026-08-30 09:33:00,C027,ลูกค้า 27,True,S09,ขนมแท่ง,ขนม,1,23,23,11,11,12
O0030,2026-08-30 09:33:00,C027,ลูกค้า 27,True,S06,ข้าวเกรียบ,ขนม,4,18,72,10,40,32
O0031,2026-08-04 07:44:00,C019,ลูกค้า 19,True,S04,เวเฟอร์,ขนม,2,25,50,15,30,20
O0031,2026-08-04 07:44:00,C019,ลูกค้า 19,True,S01,มันฝรั่งทอด,ขนม,2,30,60,16,32,28
O0031,2026-08-04 07:44:00,C019,ลูกค้า 19,True,S02,ขนมปังกรอบ,ขนม,2,24,48,9,18,30
O0032,2026-08-09 10:43:00,C019,ลูกค้า 19,True,W03,น้ำอัดลม,เครื่องดื่ม,3,20,60,13,39,21
O0032,2026-08-09 10:43:00,C019,ลูกค้า 19,True,S02,ขนมปังกรอบ,ขนม,2,24,48,9,18,30
O0032,2026-08-09 10:43:00,C019,ลูกค้า 19,True,S04,เวเฟอร์,ขนม,4,25,100,15,60,40
O0033,2026-08-08 17:10:00,C003,ลูกค้า 3,True,S10,เค้ก,ขนม,3,32,96,20,60,36
O0033,2026-08-08 17:10:00,C003,ลูกค้า 3,True,S06,ข้าวเกรียบ,ขนม,3,18,54,10,30,24
O0033,2026-08-08 17:10:00,C003,ลูกค้า 3,True,W01,น้ำดื่ม,เครื่องดื่ม,3,19,57,14,42,15
O0034,2026-08-26 21:49:00,C047,ลูกค้า 47,False,S01,มันฝรั่งทอด,ขนม,4,30,120,16,64,56
O0035,2026-08-23 19:06:00,C036,ลูกค้า 36,True,S08,ถั่วอบ,ขนม,1,22,22,16,16,6
O0036,2026-08-17 21:54:00,C037,ลูกค้า 37,True,S10,เค้ก,ขนม,1,32,32,20,20,12
O0036,2026-08-17 21:54:00,C037,ลูกค้า 37,True,S07,เยลลี่,ขนม,4,24,96,15,60,36
O0037,2026-08-23 10:35:00,C044,ลูกค้า 44,False,S03,ช็อกโกแลต,ขนม,1,30,30,16,16,14
O0038,2026-08-27 11:44:00,C018,ลูกค้า 18,True,S06,ข้าวเกรียบ,ขนม,1,18,18,10,10,8
O0038,2026-08-27 11:44:00,C018,ลูกค้า 18,True,S05,คุกกี้,ขนม,3,28,84,13,39,45
O0038,2026-08-27 11:44:00,C018,ลูกค้า 18,True,S10,เค้ก,ขนม,4,32,128,20,80,48
O0039,2026-08-21 11:09:00,C011,ลูกค้า 11,True,S09,ขนมแท่ง,ขนม,1,23,23,11,11,12
O0039,2026-08-21 11:09:00,C011,ลูกค้า 11,True,S03,ช็อกโกแลต,ขนม,1,30,30,16,16,14
O0039,2026-08-21 11:09:00,C011,ลูกค้า 11,True,S02,ขนมปังกรอบ,ขนม,1,24,24,9,9,15
O0039,2026-08-21 11:09:00,C011,ลูกค้า 11,True,S04,เวเฟอร์,ขนม,4,25,100,15,60,40
O0040,2026-08-14 14:38:00,C031,ลูกค้า 31,True,W04,ชาเขียว,เครื่องดื่ม,3,23,69,14,42,27
O0040,2026-08-14 14:38:00,C031,ลูกค้า 31,True,W01,น้ำดื่ม,เครื่องดื่ม,1,19,19,14,14,5
O0040,2026-08-14 14:38:00,C031,ลูกค้า 31,True,S02,ขนมปังกรอบ,ขนม,2,24,48,9,18,30
O0040,2026-08-14 14:38:00,C031,ลูกค้า 31,True,W02,น้ำแร่,เครื่องดื่ม,2,15,30,9,18,12
O0041,2026-08-27 19:20:00,C006,ลูกค้า 6,False,S07,เยลลี่,ขนม,2,24,48,15,30,18
O0041,2026-08-27 19:20:00,C006,ลูกค้า 6,False,S10,เค้ก,ขนม,4,32,128,20,80,48
O0041,2026-08-27 19:20:00,C006,ลูกค้า 6,False,W02,น้ำแร่,เครื่องดื่ม,3,15,45,9,27,18
O0041,2026-08-27 19:20:00,C006,ลูกค้า 6,False,S05,คุกกี้,ขนม,1,28,28,13,13,15
O0042,2026-08-27 13:00:00,C004,ลูกค้า 4,True,W04,ชาเขียว,เครื่องดื่ม,4,23,92,14,56,36
O0042,2026-08-27 13:00:00,C004,ลูกค้า 4,True,S08,ถั่วอบ,ขนม,1,22,22,16,16,6
O0042,2026-08-27 13:00:00,C004,ลูกค้า 4,True,S01,มันฝรั่งทอด,ขนม,3,30,90,16,48,42
O0043,2026-08-10 20:38:00,C046,ลูกค้า 46,False,S01,มันฝรั่งทอด,ขนม,1,30,30,16,16,14
O0043,2026-08-10 20:38:00,C046,ลูกค้า 46,False,S07,เยลลี่,ขนม,1,24,24,15,15,9
O0044,2026-08-14 13:08:00,C014,ลูกค้า 14,True,W02,น้ำแร่,เครื่องดื่ม,1,15,15,9,9,6
O0045,2026-08-22 08:45:00,C012,ลูกค้า 12,False,W02,น้ำแร่,เครื่องดื่ม,2,15,30,9,18,12
O0045,2026-08-22 08:45:00,C012,ลูกค้า 12,False,W01,น้ำดื่ม,เครื่องดื่ม,3,19,57,14,42,15
O0045,2026-08-22 08:45:00,C012,ลูกค้า 12,False,S07,เยลลี่,ขนม,1,24,24,15,15,9
O0045,2026-08-22 08:45:00,C012,ลูกค้า 12,False,S06,ข้าวเกรียบ,ขนม,3,18,54,10,30,24
O0046,2026-08-05 15:20:00,C034,ลูกค้า 34,True,S07,เยลลี่,ขนม,4,24,96,15,60,36
O0047,2026-08-12 18:21:00,C042,ลูกค้า 42,True,W01,น้ำดื่ม,เครื่องดื่ม,2,19,38,14,28,10
O0047,2026-08-12 18:21:00,C042,ลูกค้า 42,True,S05,คุกกี้,ขนม,1,28,28,13,13,15
O0047,2026-08-12 18:21:00,C042,ลูกค้า 42,True,W05,เครื่องดื่มวิตามิน,เครื่องดื่ม,4,20,80,11,44,36
O0047,2026-08-12 18:21:00,C042,ลูกค้า 42,True,S01,มันฝรั่งทอด,ขนม,2,30,60,16,32,28
O0048,2026-08-19 19:13:00,C001,ลูกค้า 1,False,S09,ขนมแท่ง,ขนม,1,23,23,11,11,12
O0048,2026-08-19 19:13:00,C001,ลูกค้า 1,False,W01,น้ำดื่ม,เครื่องดื่ม,3,19,57,14,42,15
O0048,2026-08-19 19:13:00,C001,ลูกค้า 1,False,S05,คุกกี้,ขนม,2,28,56,13,26,30
O0048,2026-08-19 19:13:00,C001,ลูกค้า 1,False,W04,ชาเขียว,เครื่องดื่ม,1,23,23,14,14,9
O0049,2026-08-02 12:20:00,C012,ลูกค้า 12,False,S09,ขนมแท่ง,ขนม,4,23,92,11,44,48
O0049,2026-08-02 12:20:00,C012,ลูกค้า 12,False,S03,ช็อกโกแลต,ขนม,2,30,60,16,32,28
O0049,2026-08-02 12:20:00,C012,ลูกค้า 12,False,W03,น้ำอัดลม,เครื่องดื่ม,4,20,80,13,52,28
O0050,2026-08-17 16:35:00,C045,ลูกค้า 45,False,S05,คุกกี้,ขนม,4,28,112,13,52,60
O0050,2026-08-17 16:35:00,C045,ลูกค้า 45,False,S09,ขนมแท่ง,ขนม,1,23,23,11,11,12
O0051,2026-08-09 10:15:00,C004,ลูกค้า 4,True,S02,ขนมปังกรอบ,ขนม,2,24,48,9,18,30
O0051,2026-08-09 10:15:00,C004,ลูกค้า 4,True,W02,น้ำแร่,เครื่องดื่ม,2,15,30,9,18,12
O0051,2026-08-09 10:15:00,C004,ลูกค้า 4,True,S03,ช็อกโกแลต,ขนม,4,30,120,16,64,56
O0052,2026-08-25 17:23:00,C002,ลูกค้า 2,False,W02,น้ำแร่,เครื่องดื่ม,1,15,15,9,9,6
O0053,2026-08-21 13:52:00,C049,ลูกค้า 49,True,S10,เค้ก,ขนม,1,32,32,20,20,12
O0053,2026-08-21 13:52:00,C049,ลูกค้า 49,True,W01,น้ำดื่ม,เครื่องดื่ม,3,19,57,14,42,15
O0054,2026-08-10 10:00:00,C032,ลูกค้า 32,True,W01,น้ำดื่ม,เครื่องดื่ม,3,19,57,14,42,15
O0054,2026-08-10 10:00:00,C032,ลูกค้า 32,True,S05,คุกกี้,ขนม,4,28,112,13,52,60
O0054,2026-08-10 10:00:00,C032,ลูกค้า 32,True,S08,ถั่วอบ,ขนม,1,22,22,16,16,6
O0055,2026-08-21 20:31:00,C044,ลูกค้า 44,False,S04,เวเฟอร์,ขนม,3,25,75,15,45,30
O0055,2026-08-21 20:31:00,C044,ลูกค้า 44,False,W02,น้ำแร่,เครื่องดื่ม,4,15,60,9,36,24
O0055,2026-08-21 20:31:00,C044,ลูกค้า 44,False,W03,น้ำอัดลม,เครื่องดื่ม,3,20,60,13,39,21
O0056,2026-08-15 13:46:00,C036,ลูกค้า 36,True,S06,ข้าวเกรียบ,ขนม,3,18,54,10,30,24
O0056,2026-08-15 13:46:00,C036,ลูกค้า 36,True,S09,ขนมแท่ง,ขนม,3,23,69,11,33,36
O0056,2026-08-15 13:46:00,C036,ลูกค้า 36,True,W05,เครื่องดื่มวิตามิน,เครื่องดื่ม,1,20,20,11,11,9
O0056,2026-08-15 13:46:00,C036,ลูกค้า 36,True,S08,ถั่วอบ,ขนม,1,22,22,16,16,6
O0057,2026-08-11 16:53:00,C049,ลูกค้า 49,True,W03,น้ำอัดลม,เครื่องดื่ม,2,20,40,13,26,14
O0057,2026-08-11 16:53:00,C049,ลูกค้า 49,True,S09,ขนมแท่ง,ขนม,4,23,92,11,44,48
O0057,2026-08-11 16:53:00,C049,ลูกค้า 49,True,W04,ชาเขียว,เครื่องดื่ม,2,23,46,14,28,18
O0057,2026-08-11 16:53:00,C049,ลูกค้า 49,True,S08,ถั่วอบ,ขนม,1,22,22,16,16,6
O0058,2026-08-02 09:45:00,C040,ลูกค้า 40,True,S07,เยลลี่,ขนม,3,24,72,15,45,27
O0058,2026-08-02 09:45:00,C040,ลูกค้า 40,True,S02,ขนมปังกรอบ,ขนม,2,24,48,9,18,30
O0058,2026-08-02 09:45:00,C040,ลูกค้า 40,True,S09,ขนมแท่ง,ขนม,2,23,46,11,22,24
O0058,2026-08-02 09:45:00,C040,ลูกค้า 40,True,W05,เครื่องดื่มวิตามิน,เครื่องดื่ม,2,20,40,11,22,18
O0059,2026-08-17 21:32:00,C016,ลูกค้า 16,True,S04,เวเฟอร์,ขนม,1,25,25,15,15,10
O0060,2026-08-22 13:26:00,C021,ลูกค้า 21,False,W04,ชาเขียว,เครื่องดื่ม,1,23,23,14,14,9
O0061,2026-08-20 14:41:00,C034,ลูกค้า 34,True,S02,ขนมปังกรอบ,ขนม,1,24,24,9,9,15
O0061,2026-08-20 14:41:00,C034,ลูกค้า 34,True,S01,มันฝรั่งทอด,ขนม,4,30,120,16,64,56
O0061,2026-08-20 14:41:00,C034,ลูกค้า 34,True,S09,ขนมแท่ง,ขนม,4,23,92,11,44,48
O0061,2026-08-20 14:41:00,C034,ลูกค้า 34,True,S10,เค้ก,ขนม,1,32,32,20,20,12
O0062,2026-08-21 18:21:00,C013,ลูกค้า 13,False,S07,เยลลี่,ขนม,2,24,48,15,30,18
O0062,2026-08-21 18:21:00,C013,ลูกค้า 13,False,S10,เค้ก,ขนม,1,32,32,20,20,12
O0062,2026-08-21 18:21:00,C013,ลูกค้า 13,False,S05,คุกกี้,ขนม,2,28,56,13,26,30
O0063,2026-08-11 10:55:00,C044,ลูกค้า 44,False,S07,เยลลี่,ขนม,4,24,96,15,60,36
O0064,2026-08-02 15:12:00,C024,ลูกค้า 24,False,S07,เยลลี่,ขนม,4,24,96,15,60,36
O0064,2026-08-02 15:12:00,C024,ลูกค้า 24,False,S09,ขนมแท่ง,ขนม,2,23,46,11,22,24
O0064,2026-08-02 15:12:00,C024,ลูกค้า 24,False,S10,เค้ก,ขนม,2,32,64,20,40,24
O0064,2026-08-02 15:12:00,C024,ลูกค้า 24,False,S03,ช็อกโกแลต,ขนม,2,30,60,16,32,28
O0065,2026-08-13 15:28:00,C011,ลูกค้า 11,True,W02,น้ำแร่,เครื่องดื่ม,3,15,45,9,27,18
O0065,2026-08-13 15:28:00,C011,ลูกค้า 11,True,S08,ถั่วอบ,ขนม,4,22,88,16,64,24
O0065,2026-08-13 15:28:00,C011,ลูกค้า 11,True,W01,น้ำดื่ม,เครื่องดื่ม,2,19,38,14,28,10
O0066,2026-08-07 15:27:00,C011,ลูกค้า 11,True,W04,ชาเขียว,เครื่องดื่ม,3,23,69,14,42,27
O0066,2026-08-07 15:27:00,C011,ลูกค้า 11,True,S04,เวเฟอร์,ขนม,4,25,100,15,60,40
O0066,2026-08-07 15:27:00,C011,ลูกค้า 11,True,S10,เค้ก,ขนม,2,32,64,20,40,24
O0067,2026-08-04 11:17:00,C009,ลูกค้า 9,True,S04,เวเฟอร์,ขนม,3,25,75,15,45,30
O0067,2026-08-04 11:17:00,C009,ลูกค้า 9,True,W05,เครื่องดื่มวิตามิน,เครื่องดื่ม,2,20,40,11,22,18
O0068,2026-08-02 18:41:00,C013,ลูกค้า 13,False,S06,ข้าวเกรียบ,ขนม,4,18,72,10,40,32
O0068,2026-08-02 18:41:00,C013,ลูกค้า 13,False,S09,ขนมแท่ง,ขนม,4,23,92,11,44,48
O0068,2026-08-02 18:41:00,C013,ลูกค้า 13,False,S08,ถั่วอบ,ขนม,2,22,44,16,32,12
O0068,2026-08-02 18:41:00,C013,ลูกค้า 13,False,S01,มันฝรั่งทอด,ขนม,2,30,60,16,32,28
O0069,2026-08-21 16:46:00,C038,ลูกค้า 38,False,W01,น้ำดื่ม,เครื่องดื่ม,3,19,57,14,42,15
O0069,2026-08-21 16:46:00,C038,ลูกค้า 38,False,W02,น้ำแร่,เครื่องดื่ม,3,15,45,9,27,18
O0070,2026-08-25 18:45:00,C039,ลูกค้า 39,True,W01,น้ำดื่ม,เครื่องดื่ม,4,19,76,14,56,20
O0071,2026-08-03 15:59:00,C016,ลูกค้า 16,True,S04,เวเฟอร์,ขนม,4,25,100,15,60,40
O0072,2026-08-04 09:36:00,C009,ลูกค้า 9,True,W01,น้ำดื่ม,เครื่องดื่ม,1,19,19,14,14,5
O0072,2026-08-04 09:36:00,C009,ลูกค้า 9,True,W02,น้ำแร่,เครื่องดื่ม,4,15,60,9,36,24
O0073,2026-08-20 07:51:00,C026,ลูกค้า 26,True,W03,น้ำอัดลม,เครื่องดื่ม,4,20,80,13,52,28
O0073,2026-08-20 07:51:00,C026,ลูกค้า 26,True,W05,เครื่องดื่มวิตามิน,เครื่องดื่ม,4,20,80,11,44,36
O0073,2026-08-20 07:51:00,C026,ลูกค้า 26,True,S05,คุกกี้,ขนม,4,28,112,13,52,60
O0074,2026-08-23 08:05:00,C006,ลูกค้า 6,False,S06,ข้าวเกรียบ,ขนม,1,18,18,10,10,8
O0074,2026-08-23 08:05:00,C006,ลูกค้า 6,False,S09,ขนมแท่ง,ขนม,4,23,92,11,44,48
O0074,2026-08-23 08:05:00,C006,ลูกค้า 6,False,W05,เครื่องดื่มวิตามิน,เครื่องดื่ม,1,20,20,11,11,9
O0074,2026-08-23 08:05:00,C006,ลูกค้า 6,False,S01,มันฝรั่งทอด,ขนม,3,30,90,16,48,42
O0075,2026-08-07 11:36:00,C011,ลูกค้า 11,True,S05,คุกกี้,ขนม,1,28,28,13,13,15
O0075,2026-08-07 11:36:00,C011,ลูกค้า 11,True,S06,ข้าวเกรียบ,ขนม,4,18,72,10,40,32
O0076,2026-08-22 09:55:00,C020,ลูกค้า 20,True,W03,น้ำอัดลม,เครื่องดื่ม,4,20,80,13,52,28
O0076,2026-08-22 09:55:00,C020,ลูกค้า 20,True,S08,ถั่วอบ,ขนม,4,22,88,16,64,24
O0076,2026-08-22 09:55:00,C020,ลูกค้า 20,True,S04,เวเฟอร์,ขนม,2,25,50,15,30,20
O0077,2026-08-20 19:32:00,C038,ลูกค้า 38,False,S05,คุกกี้,ขนม,3,28,84,13,39,45
O0078,2026-08-10 21:20:00,C028,ลูกค้า 28,False,S09,ขนมแท่ง,ขนม,4,23,92,11,44,48
O0078,2026-08-10 21:20:00,C028,ลูกค้า 28,False,S08,ถั่วอบ,ขนม,2,22,44,16,32,12
O0079,2026-08-15 19:21:00,C048,ลูกค้า 48,False,S03,ช็อกโกแลต,ขนม,3,30,90,16,48,42
O0080,2026-08-01 18:06:00,C009,ลูกค้า 9,True,S10,เค้ก,ขนม,3,32,96,20,60,36
O0081,2026-08-19 11:03:00,C038,ลูกค้า 38,False,W04,ชาเขียว,เครื่องดื่ม,1,23,23,14,14,9
O0081,2026-08-19 11:03:00,C038,ลูกค้า 38,False,W05,เครื่องดื่มวิตามิน,เครื่องดื่ม,2,20,40,11,22,18
O0082,2026-08-18 19:24:00,C030,ลูกค้า 30,False,S07,เยลลี่,ขนม,1,24,24,15,15,9
O0082,2026-08-18 19:24:00,C030,ลูกค้า 30,False,S10,เค้ก,ขนม,2,32,64,20,40,24
O0082,2026-08-18 19:24:00,C030,ลูกค้า 30,False,W03,น้ำอัดลม,เครื่องดื่ม,3,20,60,13,39,21
O0083,2026-08-10 18:03:00,C041,ลูกค้า 41,False,W02,น้ำแร่,เครื่องดื่ม,1,15,15,9,9,6
O0083,2026-08-10 18:03:00,C041,ลูกค้า 41,False,S06,ข้าวเกรียบ,ขนม,1,18,18,10,10,8
O0084,2026-08-06 08:40:00,C017,ลูกค้า 17,False,S04,เวเฟอร์,ขนม,3,25,75,15,45,30
O0085,2026-08-06 20:11:00,C004,ลูกค้า 4,True,S07,เยลลี่,ขนม,3,24,72,15,45,27
O0085,2026-08-06 20:11:00,C004,ลูกค้า 4,True,S10,เค้ก,ขนม,4,32,128,20,80,48
O0085,2026-08-06 20:11:00,C004,ลูกค้า 4,True,W03,น้ำอัดลม,เครื่องดื่ม,1,20,20,13,13,7
O0086,2026-08-17 19:57:00,C047,ลูกค้า 47,False,S05,คุกกี้,ขนม,1,28,28,13,13,15
O0086,2026-08-17 19:57:00,C047,ลูกค้า 47,False,W05,เครื่องดื่มวิตามิน,เครื่องดื่ม,3,20,60,11,33,27
O0087,2026-08-09 21:51:00,C014,ลูกค้า 14,True,W04,ชาเขียว,เครื่องดื่ม,2,23,46,14,28,18
O0087,2026-08-09 21:51:00,C014,ลูกค้า 14,True,S09,ขนมแท่ง,ขนม,2,23,46,11,22,24
O0088,2026-08-20 16:28:00,C010,ลูกค้า 10,True,S03,ช็อกโกแลต,ขนม,4,30,120,16,64,56
O0088,2026-08-20 16:28:00,C010,ลูกค้า 10,True,S05,คุกกี้,ขนม,2,28,56,13,26,30
O0089,2026-08-21 08:10:00,C036,ลูกค้า 36,True,S05,คุกกี้,ขนม,2,28,56,13,26,30
O0089,2026-08-21 08:10:00,C036,ลูกค้า 36,True,S04,เวเฟอร์,ขนม,2,25,50,15,30,20
O0089,2026-08-21 08:10:00,C036,ลูกค้า 36,True,W04,ชาเขียว,เครื่องดื่ม,4,23,92,14,56,36
O0089,2026-08-21 08:10:00,C036,ลูกค้า 36,True,S06,ข้าวเกรียบ,ขนม,4,18,72,10,40,32
O0090,2026-08-13 17:03:00,C029,ลูกค้า 29,False,S03,ช็อกโกแลต,ขนม,4,30,120,16,64,56
O0090,2026-08-13 17:03:00,C029,ลูกค้า 29,False,S05,คุกกี้,ขนม,2,28,56,13,26,30
O0090,2026-08-13 17:03:00,C029,ลูกค้า 29,False,S04,เวเฟอร์,ขนม,3,25,75,15,45,30
O0090,2026-08-13 17:03:00,C029,ลูกค้า 29,False,S06,ข้าวเกรียบ,ขนม,1,18,18,10,10,8
O0091,2026-08-08 13:05:00,C008,ลูกค้า 8,False,S09,ขนมแท่ง,ขนม,4,23,92,11,44,48
O0092,2026-08-27 09:51:00,C050,ลูกค้า 50,False,W03,น้ำอัดลม,เครื่องดื่ม,1,20,20,13,13,7
O0092,2026-08-27 09:51:00,C050,ลูกค้า 50,False,W02,น้ำแร่,เครื่องดื่ม,3,15,45,9,27,18
O0093,2026-08-02 07:45:00,C014,ลูกค้า 14,True,S10,เค้ก,ขนม,4,32,128,20,80,48
O0093,2026-08-02 07:45:00,C014,ลูกค้า 14,True,S08,ถั่วอบ,ขนม,2,22,44,16,32,12
O0093,2026-08-02 07:45:00,C014,ลูกค้า 14,True,W03,น้ำอัดลม,เครื่องดื่ม,1,20,20,13,13,7
O0093,2026-08-02 07:45:00,C014,ลูกค้า 14,True,S01,มันฝรั่งทอด,ขนม,2,30,60,16,32,28
O0094,2026-08-27 10:23:00,C022,ลูกค้า 22,True,S05,คุกกี้,ขนม,1,28,28,13,13,15
O0094,2026-08-27 10:23:00,C022,ลูกค้า 22,True,S07,เยลลี่,ขนม,3,24,72,15,45,27
O0094,2026-08-27 10:23:00,C022,ลูกค้า 22,True,S10,เค้ก,ขนม,3,32,96,20,60,36
O0095,2026-08-06 08:26:00,C031,ลูกค้า 31,True,S02,ขนมปังกรอบ,ขนม,3,24,72,9,27,45
O0095,2026-08-06 08:26:00,C031,ลูกค้า 31,True,S09,ขนมแท่ง,ขนม,1,23,23,11,11,12
O0095,2026-08-06 08:26:00,C031,ลูกค้า 31,True,S01,มันฝรั่งทอด,ขนม,2,30,60,16,32,28
O0096,2026-08-16 11:49:00,C027,ลูกค้า 27,True,S07,เยลลี่,ขนม,2,24,48,15,30,18
O0096,2026-08-16 11:49:00,C027,ลูกค้า 27,True,S01,มันฝรั่งทอด,ขนม,2,30,60,16,32,28
O0097,2026-08-25 13:12:00,C017,ลูกค้า 17,False,S10,เค้ก,ขนม,2,32,64,20,40,24
O0098,2026-08-20 11:05:00,C022,ลูกค้า 22,True,S10,เค้ก,ขนม,4,32,128,20,80,48
O0098,2026-08-20 11:05:00,C022,ลูกค้า 22,True,S04,เวเฟอร์,ขนม,4,25,100,15,60,40
O0098,2026-08-20 11:05:00,C022,ลูกค้า 22,True,S01,มันฝรั่งทอด,ขนม,4,30,120,16,64,56
O0098,2026-08-20 11:05:00,C022,ลูกค้า 22,True,S06,ข้าวเกรียบ,ขนม,1,18,18,10,10,8
O0099,2026-08-18 17:43:00,C013,ลูกค้า 13,False,S04,เวเฟอร์,ขนม,3,25,75,15,45,30
O0099,2026-08-18 17:43:00,C013,ลูกค้า 13,False,S06,ข้าวเกรียบ,ขนม,3,18,54,10,30,24
O0099,2026-08-18 17:43:00,C013,ลูกค้า 13,False,S05,คุกกี้,ขนม,4,28,112,13,52,60
O0099,2026-08-18 17:43:00,C013,ลูกค้า 13,False,W02,น้ำแร่,เครื่องดื่ม,1,15,15,9,9,6
O0100,2026-08-24 13:45:00,C034,ลูกค้า 34,True,S09,ขนมแท่ง,ขนม,2,23,46,11,22,24
O0100,2026-08-24 13:45:00,C034,ลูกค้า 34,True,S10,เค้ก,ขนม,3,32,96,20,60,36
O0101,2026-08-13 09:48:00,C050,ลูกค้า 50,False,S08,ถั่วอบ,ขนม,2,22,44,16,32,12
O0101,2026-08-13 09:48:00,C050,ลูกค้า 50,False,S05,คุกกี้,ขนม,1,28,28,13,13,15
O0101,2026-08-13 09:48:00,C050,ลูกค้า 50,False,W01,น้ำดื่ม,เครื่องดื่ม,4,19,76,14,56,20
O0101,2026-08-13 09:48:00,C050,ลูกค้า 50,False,S07,เยลลี่,ขนม,3,24,72,15,45,27
O0102,2026-08-24 19:29:00,C046,ลูกค้า 46,False,W05,เครื่องดื่มวิตามิน,เครื่องดื่ม,1,20,20,11,11,9
O0103,2026-08-10 21:22:00,C025,ลูกค้า 25,True,S10,เค้ก,ขนม,2,32,64,20,40,24
O0103,2026-08-10 21:22:00,C025,ลูกค้า 25,True,W04,ชาเขียว,เครื่องดื่ม,3,23,69,14,42,27
O0103,2026-08-10 21:22:00,C025,ลูกค้า 25,True,S06,ข้าวเกรียบ,ขนม,1,18,18,10,10,8
O0104,2026-08-27 11:31:00,C009,ลูกค้า 9,True,S04,เวเฟอร์,ขนม,1,25,25,15,15,10
O0104,2026-08-27 11:31:00,C009,ลูกค้า 9,True,S02,ขนมปังกรอบ,ขนม,3,24,72,9,27,45
O0104,2026-08-27 11:31:00,C009,ลูกค้า 9,True,S03,ช็อกโกแลต,ขนม,3,30,90,16,48,42
O0104,2026-08-27 11:31:00,C009,ลูกค้า 9,True,S08,ถั่วอบ,ขนม,3,22,66,16,48,18
O0105,2026-08-10 20:16:00,C026,ลูกค้า 26,True,W04,ชาเขียว,เครื่องดื่ม,1,23,23,14,14,9
O0105,2026-08-10 20:16:00,C026,ลูกค้า 26,True,S04,เวเฟอร์,ขนม,2,25,50,15,30,20
O0106,2026-08-18 14:49:00,C045,ลูกค้า 45,False,S05,คุกกี้,ขนม,3,28,84,13,39,45
O0107,2026-08-17 14:17:00,C020,ลูกค้า 20,True,S04,เวเฟอร์,ขนม,1,25,25,15,15,10
O0107,2026-08-17 14:17:00,C020,ลูกค้า 20,True,W01,น้ำดื่ม,เครื่องดื่ม,4,19,76,14,56,20
O0108,2026-08-01 21:42:00,C038,ลูกค้า 38,False,W02,น้ำแร่,เครื่องดื่ม,1,15,15,9,9,6
O0108,2026-08-01 21:42:00,C038,ลูกค้า 38,False,W01,น้ำดื่ม,เครื่องดื่ม,1,19,19,14,14,5
O0108,2026-08-01 21:42:00,C038,ลูกค้า 38,False,W05,เครื่องดื่มวิตามิน,เครื่องดื่ม,4,20,80,11,44,36
O0109,2026-08-22 08:48:00,C018,ลูกค้า 18,True,S02,ขนมปังกรอบ,ขนม,3,24,72,9,27,45
O0109,2026-08-22 08:48:00,C018,ลูกค้า 18,True,S04,เวเฟอร์,ขนม,4,25,100,15,60,40
O0110,2026-08-22 08:55:00,C041,ลูกค้า 41,False,S05,คุกกี้,ขนม,2,28,56,13,26,30
O0110,2026-08-22 08:55:00,C041,ลูกค้า 41,False,S08,ถั่วอบ,ขนม,4,22,88,16,64,24
O0110,2026-08-22 08:55:00,C041,ลูกค้า 41,False,W04,ชาเขียว,เครื่องดื่ม,4,23,92,14,56,36
O0110,2026-08-22 08:55:00,C041,ลูกค้า 41,False,S06,ข้าวเกรียบ,ขนม,2,18,36,10,20,16
O0111,2026-08-29 19:17:00,C043,ลูกค้า 43,True,S10,เค้ก,ขนม,2,32,64,20,40,24
O0111,2026-08-29 19:17:00,C043,ลูกค้า 43,True,S02,ขนมปังกรอบ,ขนม,1,24,24,9,9,15
O0111,2026-08-29 19:17:00,C043,ลูกค้า 43,True,S07,เยลลี่,ขนม,4,24,96,15,60,36
O0112,2026-08-03 21:19:00,C039,ลูกค้า 39,True,S01,มันฝรั่งทอด,ขนม,3,30,90,16,48,42
O0113,2026-08-23 16:36:00,C029,ลูกค้า 29,False,W01,น้ำดื่ม,เครื่องดื่ม,3,19,57,14,42,15
O0113,2026-08-23 16:36:00,C029,ลูกค้า 29,False,S07,เยลลี่,ขนม,3,24,72,15,45,27
O0113,2026-08-23 16:36:00,C029,ลูกค้า 29,False,S09,ขนมแท่ง,ขนม,2,23,46,11,22,24
O0113,2026-08-23 16:36:00,C029,ลูกค้า 29,False,S10,เค้ก,ขนม,3,32,96,20,60,36
O0114,2026-08-01 14:10:00,C035,ลูกค้า 35,False,W01,น้ำดื่ม,เครื่องดื่ม,3,19,57,14,42,15
O0114,2026-08-01 14:10:00,C035,ลูกค้า 35,False,S07,เยลลี่,ขนม,3,24,72,15,45,27
O0114,2026-08-01 14:10:00,C035,ลูกค้า 35,False,S04,เวเฟอร์,ขนม,2,25,50,15,30,20
O0115,2026-08-13 11:07:00,C015,ลูกค้า 15,True,W01,น้ำดื่ม,เครื่องดื่ม,1,19,19,14,14,5
O0115,2026-08-13 11:07:00,C015,ลูกค้า 15,True,S03,ช็อกโกแลต,ขนม,1,30,30,16,16,14
O0116,2026-08-15 16:40:00,C044,ลูกค้า 44,False,S04,เวเฟอร์,ขนม,1,25,25,15,15,10
O0116,2026-08-15 16:40:00,C044,ลูกค้า 44,False,W03,น้ำอัดลม,เครื่องดื่ม,2,20,40,13,26,14
O0116,2026-08-15 16:40:00,C044,ลูกค้า 44,False,W02,น้ำแร่,เครื่องดื่ม,2,15,30,9,18,12
O0116,2026-08-15 16:40:00,C044,ลูกค้า 44,False,S09,ขนมแท่ง,ขนม,4,23,92,11,44,48
O0117,2026-08-29 13:39:00,C007,ลูกค้า 7,False,S09,ขนมแท่ง,ขนม,3,23,69,11,33,36
O0118,2026-08-23 12:27:00,C032,ลูกค้า 32,True,W01,น้ำดื่ม,เครื่องดื่ม,4,19,76,14,56,20
O0118,2026-08-23 12:27:00,C032,ลูกค้า 32,True,S02,ขนมปังกรอบ,ขนม,2,24,48,9,18,30
O0119,2026-08-03 14:06:00,C003,ลูกค้า 3,True,S09,ขนมแท่ง,ขนม,2,23,46,11,22,24
O0119,2026-08-03 14:06:00,C003,ลูกค้า 3,True,S02,ขนมปังกรอบ,ขนม,1,24,24,9,9,15
O0120,2026-08-06 17:16:00,C043,ลูกค้า 43,True,S07,เยลลี่,ขนม,3,24,72,15,45,27
O0120,2026-08-06 17:16:00,C043,ลูกค้า 43,True,S10,เค้ก,ขนม,3,32,96,20,60,36
O0120,2026-08-06 17:16:00,C043,ลูกค้า 43,True,S06,ข้าวเกรียบ,ขนม,2,18,36,10,20,16
O0121,2026-08-23 17:32:00,C017,ลูกค้า 17,False,S09,ขนมแท่ง,ขนม,3,23,69,11,33,36
O0122,2026-08-18 14:35:00,C020,ลูกค้า 20,True,S05,คุกกี้,ขนม,3,28,84,13,39,45
O0123,2026-08-17 07:43:00,C012,ลูกค้า 12,False,S01,มันฝรั่งทอด,ขนม,2,30,60,16,32,28
O0124,2026-08-07 18:01:00,C027,ลูกค้า 27,True,W05,เครื่องดื่มวิตามิน,เครื่องดื่ม,1,20,20,11,11,9
O0125,2026-08-03 07:07:00,C026,ลูกค้า 26,True,S05,คุกกี้,ขนม,3,28,84,13,39,45
O0125,2026-08-03 07:07:00,C026,ลูกค้า 26,True,S07,เยลลี่,ขนม,1,24,24,15,15,9
O0125,2026-08-03 07:07:00,C026,ลูกค้า 26,True,S06,ข้าวเกรียบ,ขนม,2,18,36,10,20,16
O0125,2026-08-03 07:07:00,C026,ลูกค้า 26,True,S03,ช็อกโกแลต,ขนม,1,30,30,16,16,14
O0126,2026-08-12 16:06:00,C046,ลูกค้า 46,False,S08,ถั่วอบ,ขนม,3,22,66,16,48,18
O0126,2026-08-12 16:06:00,C046,ลูกค้า 46,False,S04,เวเฟอร์,ขนม,4,25,100,15,60,40
O0126,2026-08-12 16:06:00,C046,ลูกค้า 46,False,S07,เยลลี่,ขนม,3,24,72,15,45,27
O0127,2026-08-13 21:37:00,C038,ลูกค้า 38,False,S03,ช็อกโกแลต,ขนม,4,30,120,16,64,56
O0127,2026-08-13 21:37:00,C038,ลูกค้า 38,False,S02,ขนมปังกรอบ,ขนม,1,24,24,9,9,15
O0128,2026-08-22 17:36:00,C010,ลูกค้า 10,True,W03,น้ำอัดลม,เครื่องดื่ม,3,20,60,13,39,21
O0128,2026-08-22 17:36:00,C010,ลูกค้า 10,True,W05,เครื่องดื่มวิตามิน,เครื่องดื่ม,2,20,40,11,22,18
O0128,2026-08-22 17:36:00,C010,ลูกค้า 10,True,W01,น้ำดื่ม,เครื่องดื่ม,1,19,19,14,14,5
O0128,2026-08-22 17:36:00,C010,ลูกค้า 10,True,S05,คุกกี้,ขนม,2,28,56,13,26,30
O0129,2026-08-17 11:03:00,C037,ลูกค้า 37,True,W03,น้ำอัดลม,เครื่องดื่ม,3,20,60,13,39,21
O0130,2026-08-05 09:42:00,C031,ลูกค้า 31,True,S10,เค้ก,ขนม,2,32,64,20,40,24
O0130,2026-08-05 09:42:00,C031,ลูกค้า 31,True,S03,ช็อกโกแลต,ขนม,4,30,120,16,64,56
O0130,2026-08-05 09:42:00,C031,ลูกค้า 31,True,S01,มันฝรั่งทอด,ขนม,1,30,30,16,16,14
O0130,2026-08-05 09:42:00,C031,ลูกค้า 31,True,W02,น้ำแร่,เครื่องดื่ม,4,15,60,9,36,24
O0131,2026-08-20 17:12:00,C035,ลูกค้า 35,False,W05,เครื่องดื่มวิตามิน,เครื่องดื่ม,2,20,40,11,22,18
O0131,2026-08-20 17:12:00,C035,ลูกค้า 35,False,S05,คุกกี้,ขนม,3,28,84,13,39,45
O0132,2026-08-16 12:15:00,C015,ลูกค้า 15,True,S06,ข้าวเกรียบ,ขนม,3,18,54,10,30,24
O0133,2026-08-29 12:58:00,C031,ลูกค้า 31,True,W02,น้ำแร่,เครื่องดื่ม,3,15,45,9,27,18
O0134,2026-08-19 11:28:00,C019,ลูกค้า 19,True,W03,น้ำอัดลม,เครื่องดื่ม,3,20,60,13,39,21
O0134,2026-08-19 11:28:00,C019,ลูกค้า 19,True,S06,ข้าวเกรียบ,ขนม,4,18,72,10,40,32
O0134,2026-08-19 11:28:00,C019,ลูกค้า 19,True,S09,ขนมแท่ง,ขนม,1,23,23,11,11,12
O0134,2026-08-19 11:28:00,C019,ลูกค้า 19,True,S05,คุกกี้,ขนม,4,28,112,13,52,60
O0135,2026-08-19 12:34:00,C046,ลูกค้า 46,False,S06,ข้าวเกรียบ,ขนม,2,18,36,10,20,16
O0135,2026-08-19 12:34:00,C046,ลูกค้า 46,False,W01,น้ำดื่ม,เครื่องดื่ม,2,19,38,14,28,10
O0135,2026-08-19 12:34:00,C046,ลูกค้า 46,False,S04,เวเฟอร์,ขนม,3,25,75,15,45,30
O0135,2026-08-19 12:34:00,C046,ลูกค้า 46,False,S01,มันฝรั่งทอด,ขนม,3,30,90,16,48,42
O0136,2026-08-10 15:01:00,C028,ลูกค้า 28,False,W05,เครื่องดื่มวิตามิน,เครื่องดื่ม,3,20,60,11,33,27
O0136,2026-08-10 15:01:00,C028,ลูกค้า 28,False,W01,น้ำดื่ม,เครื่องดื่ม,4,19,76,14,56,20
O0136,2026-08-10 15:01:00,C028,ลูกค้า 28,False,W04,ชาเขียว,เครื่องดื่ม,3,23,69,14,42,27
O0136,2026-08-10 15:01:00,C028,ลูกค้า 28,False,S09,ขนมแท่ง,ขนม,1,23,23,11,11,12
O0137,2026-08-10 16:00:00,C036,ลูกค้า 36,True,W05,เครื่องดื่มวิตามิน,เครื่องดื่ม,2,20,40,11,22,18
O0137,2026-08-10 16:00:00,C036,ลูกค้า 36,True,W02,น้ำแร่,เครื่องดื่ม,3,15,45,9,27,18
O0138,2026-08-11 20:16:00,C009,ลูกค้า 9,True,S01,มันฝรั่งทอด,ขนม,1,30,30,16,16,14
O0138,2026-08-11 20:16:00,C009,ลูกค้า 9,True,W03,น้ำอัดลม,เครื่องดื่ม,3,20,60,13,39,21
O0138,2026-08-11 20:16:00,C009,ลูกค้า 9,True,W05,เครื่องดื่มวิตามิน,เครื่องดื่ม,4,20,80,11,44,36
O0138,2026-08-11 20:16:00,C009,ลูกค้า 9,True,S09,ขนมแท่ง,ขนม,4,23,92,11,44,48
O0139,2026-08-12 14:05:00,C027,ลูกค้า 27,True,S08,ถั่วอบ,ขนม,3,22,66,16,48,18
O0140,2026-08-25 17:56:00,C024,ลูกค้า 24,False,S08,ถั่วอบ,ขนม,3,22,66,16,48,18
O0141,2026-08-16 13:49:00,C027,ลูกค้า 27,True,S09,ขนมแท่ง,ขนม,1,23,23,11,11,12
O0142,2026-08-21 14:21:00,C020,ลูกค้า 20,True,S10,เค้ก,ขนม,3,32,96,20,60,36
O0142,2026-08-21 14:21:00,C020,ลูกค้า 20,True,S04,เวเฟอร์,ขนม,3,25,75,15,45,30
O0142,2026-08-21 14:21:00,C020,ลูกค้า 20,True,S08,ถั่วอบ,ขนม,1,22,22,16,16,6
O0143,2026-08-18 20:45:00,C003,ลูกค้า 3,True,W01,น้ำดื่ม,เครื่องดื่ม,3,19,57,14,42,15
O0143,2026-08-18 20:45:00,C003,ลูกค้า 3,True,S10,เค้ก,ขนม,1,32,32,20,20,12
O0143,2026-08-18 20:45:00,C003,ลูกค้า 3,True,S07,เยลลี่,ขนม,4,24,96,15,60,36
O0143,2026-08-18 20:45:00,C003,ลูกค้า 3,True,S02,ขนมปังกรอบ,ขนม,2,24,48,9,18,30
O0144,2026-08-11 10:32:00,C047,ลูกค้า 47,False,S02,ขนมปังกรอบ,ขนม,1,24,24,9,9,15
O0144,2026-08-11 10:32:00,C047,ลูกค้า 47,False,S01,มันฝรั่งทอด,ขนม,3,30,90,16,48,42
O0145,2026-08-15 09:19:00,C041,ลูกค้า 41,False,W01,น้ำดื่ม,เครื่องดื่ม,4,19,76,14,56,20
O0145,2026-08-15 09:19:00,C041,ลูกค้า 41,False,S09,ขนมแท่ง,ขนม,4,23,92,11,44,48
O0145,2026-08-15 09:19:00,C041,ลูกค้า 41,False,S07,เยลลี่,ขนม,3,24,72,15,45,27
O0145,2026-08-15 09:19:00,C041,ลูกค้า 41,False,S02,ขนมปังกรอบ,ขนม,2,24,48,9,18,30
O0146,2026-08-05 17:01:00,C043,ลูกค้า 43,True,S01,มันฝรั่งทอด,ขนม,3,30,90,16,48,42
O0146,2026-08-05 17:01:00,C043,ลูกค้า 43,True,S04,เวเฟอร์,ขนม,1,25,25,15,15,10
O0146,2026-08-05 17:01:00,C043,ลูกค้า 43,True,S06,ข้าวเกรียบ,ขนม,4,18,72,10,40,32
O0147,2026-08-06 18:52:00,C009,ลูกค้า 9,True,W01,น้ำดื่ม,เครื่องดื่ม,1,19,19,14,14,5
O0148,2026-08-28 21:39:00,C041,ลูกค้า 41,False,S06,ข้าวเกรียบ,ขนม,1,18,18,10,10,8
O0148,2026-08-28 21:39:00,C041,ลูกค้า 41,False,S03,ช็อกโกแลต,ขนม,2,30,60,16,32,28
O0148,2026-08-28 21:39:00,C041,ลูกค้า 41,False,S02,ขนมปังกรอบ,ขนม,3,24,72,9,27,45
O0149,2026-08-05 13:21:00,C010,ลูกค้า 10,True,W03,น้ำอัดลม,เครื่องดื่ม,1,20,20,13,13,7
O0150,2026-08-25 18:54:00,C035,ลูกค้า 35,False,S09,ขนมแท่ง,ขนม,1,23,23,11,11,12
O0151,2026-08-09 09:35:00,C044,ลูกค้า 44,False,S10,เค้ก,ขนม,1,32,32,20,20,12
O0151,2026-08-09 09:35:00,C044,ลูกค้า 44,False,S05,คุกกี้,ขนม,2,28,56,13,26,30
O0152,2026-08-16 07:38:00,C039,ลูกค้า 39,True,W02,น้ำแร่,เครื่องดื่ม,1,15,15,9,9,6
O0152,2026-08-16 07:38:00,C039,ลูกค้า 39,True,S08,ถั่วอบ,ขนม,1,22,22,16,16,6
O0152,2026-08-16 07:38:00,C039,ลูกค้า 39,True,W04,ชาเขียว,เครื่องดื่ม,4,23,92,14,56,36
O0152,2026-08-16 07:38:00,C039,ลูกค้า 39,True,S01,มันฝรั่งทอด,ขนม,4,30,120,16,64,56
O0153,2026-08-15 20:53:00,C038,ลูกค้า 38,False,S06,ข้าวเกรียบ,ขนม,4,18,72,10,40,32
O0153,2026-08-15 20:53:00,C038,ลูกค้า 38,False,S04,เวเฟอร์,ขนม,2,25,50,15,30,20
O0153,2026-08-15 20:53:00,C038,ลูกค้า 38,False,S02,ขนมปังกรอบ,ขนม,1,24,24,9,9,15
O0154,2026-08-14 16:36:00,C027,ลูกค้า 27,True,W01,น้ำดื่ม,เครื่องดื่ม,1,19,19,14,14,5
O0154,2026-08-14 16:36:00,C027,ลูกค้า 27,True,S06,ข้าวเกรียบ,ขนม,1,18,18,10,10,8
O0154,2026-08-14 16:36:00,C027,ลูกค้า 27,True,S07,เยลลี่,ขนม,1,24,24,15,15,9
O0154,2026-08-14 16:36:00,C027,ลูกค้า 27,True,S01,มันฝรั่งทอด,ขนม,1,30,30,16,16,14
O0155,2026-08-17 14:47:00,C046,ลูกค้า 46,False,S01,มันฝรั่งทอด,ขนม,2,30,60,16,32,28
O0155,2026-08-17 14:47:00,C046,ลูกค้า 46,False,W04,ชาเขียว,เครื่องดื่ม,2,23,46,14,28,18
O0156,2026-08-02 17:59:00,C026,ลูกค้า 26,True,S10,เค้ก,ขนม,4,32,128,20,80,48
O0156,2026-08-02 17:59:00,C026,ลูกค้า 26,True,S07,เยลลี่,ขนม,4,24,96,15,60,36
O0157,2026-08-02 07:00:00,C045,ลูกค้า 45,False,S03,ช็อกโกแลต,ขนม,4,30,120,16,64,56
O0157,2026-08-02 07:00:00,C045,ลูกค้า 45,False,W02,น้ำแร่,เครื่องดื่ม,2,15,30,9,18,12
O0157,2026-08-02 07:00:00,C045,ลูกค้า 45,False,S09,ขนมแท่ง,ขนม,2,23,46,11,22,24
O0158,2026-08-25 10:55:00,C029,ลูกค้า 29,False,W04,ชาเขียว,เครื่องดื่ม,2,23,46,14,28,18
O0158,2026-08-25 10:55:00,C029,ลูกค้า 29,False,S10,เค้ก,ขนม,2,32,64,20,40,24
O0158,2026-08-25 10:55:00,C029,ลูกค้า 29,False,W01,น้ำดื่ม,เครื่องดื่ม,1,19,19,14,14,5
O0159,2026-08-18 08:26:00,C007,ลูกค้า 7,False,S02,ขนมปังกรอบ,ขนม,4,24,96,9,36,60
O0159,2026-08-18 08:26:00,C007,ลูกค้า 7,False,W01,น้ำดื่ม,เครื่องดื่ม,2,19,38,14,28,10
O0159,2026-08-18 08:26:00,C007,ลูกค้า 7,False,S04,เวเฟอร์,ขนม,2,25,50,15,30,20
O0159,2026-08-18 08:26:00,C007,ลูกค้า 7,False,W03,น้ำอัดลม,เครื่องดื่ม,2,20,40,13,26,14
O0160,2026-08-14 18:53:00,C045,ลูกค้า 45,False,S06,ข้าวเกรียบ,ขนม,3,18,54,10,30,24
O0160,2026-08-14 18:53:00,C045,ลูกค้า 45,False,W01,น้ำดื่ม,เครื่องดื่ม,4,19,76,14,56,20
O0161,2026-08-27 19:24:00,C045,ลูกค้า 45,False,W02,น้ำแร่,เครื่องดื่ม,2,15,30,9,18,12
O0161,2026-08-27 19:24:00,C045,ลูกค้า 45,False,S04,เวเฟอร์,ขนม,3,25,75,15,45,30
O0162,2026-08-18 14:47:00,C038,ลูกค้า 38,False,W03,น้ำอัดลม,เครื่องดื่ม,2,20,40,13,26,14
O0162,2026-08-18 14:47:00,C038,ลูกค้า 38,False,S08,ถั่วอบ,ขนม,3,22,66,16,48,18
O0163,2026-08-24 15:35:00,C039,ลูกค้า 39,True,W02,น้ำแร่,เครื่องดื่ม,1,15,15,9,9,6
O0163,2026-08-24 15:35:00,C039,ลูกค้า 39,True,S04,เวเฟอร์,ขนม,1,25,25,15,15,10
O0163,2026-08-24 15:35:00,C039,ลูกค้า 39,True,S05,คุกกี้,ขนม,1,28,28,13,13,15
O0163,2026-08-24 15:35:00,C039,ลูกค้า 39,True,S08,ถั่วอบ,ขนม,3,22,66,16,48,18
O0164,2026-08-21 13:53:00,C049,ลูกค้า 49,True,S01,มันฝรั่งทอด,ขนม,4,30,120,16,64,56
O0164,2026-08-21 13:53:00,C049,ลูกค้า 49,True,W01,น้ำดื่ม,เครื่องดื่ม,3,19,57,14,42,15
O0165,2026-08-29 09:21:00,C024,ลูกค้า 24,False,W01,น้ำดื่ม,เครื่องดื่ม,3,19,57,14,42,15
O0165,2026-08-29 09:21:00,C024,ลูกค้า 24,False,W02,น้ำแร่,เครื่องดื่ม,2,15,30,9,18,12
O0165,2026-08-29 09:21:00,C024,ลูกค้า 24,False,S06,ข้าวเกรียบ,ขนม,3,18,54,10,30,24
O0165,2026-08-29 09:21:00,C024,ลูกค้า 24,False,S10,เค้ก,ขนม,3,32,96,20,60,36
O0166,2026-08-29 12:59:00,C012,ลูกค้า 12,False,W05,เครื่องดื่มวิตามิน,เครื่องดื่ม,2,20,40,11,22,18
O0167,2026-08-17 15:47:00,C005,ลูกค้า 5,False,S01,มันฝรั่งทอด,ขนม,3,30,90,16,48,42
O0167,2026-08-17 15:47:00,C005,ลูกค้า 5,False,S06,ข้าวเกรียบ,ขนม,1,18,18,10,10,8
O0167,2026-08-17 15:47:00,C005,ลูกค้า 5,False,S08,ถั่วอบ,ขนม,3,22,66,16,48,18
O0168,2026-08-25 10:31:00,C048,ลูกค้า 48,False,S02,ขนมปังกรอบ,ขนม,4,24,96,9,36,60
O0168,2026-08-25 10:31:00,C048,ลูกค้า 48,False,S09,ขนมแท่ง,ขนม,1,23,23,11,11,12
O0169,2026-08-07 14:38:00,C006,ลูกค้า 6,False,W03,น้ำอัดลม,เครื่องดื่ม,1,20,20,13,13,7
O0169,2026-08-07 14:38:00,C006,ลูกค้า 6,False,W04,ชาเขียว,เครื่องดื่ม,2,23,46,14,28,18
O0169,2026-08-07 14:38:00,C006,ลูกค้า 6,False,S10,เค้ก,ขนม,1,32,32,20,20,12
O0170,2026-08-29 14:03:00,C029,ลูกค้า 29,False,S10,เค้ก,ขนม,2,32,64,20,40,24
O0170,2026-08-29 14:03:00,C029,ลูกค้า 29,False,W04,ชาเขียว,เครื่องดื่ม,1,23,23,14,14,9
O0171,2026-08-04 18:41:00,C001,ลูกค้า 1,False,S03,ช็อกโกแลต,ขนม,3,30,90,16,48,42
O0171,2026-08-04 18:41:00,C001,ลูกค้า 1,False,W01,น้ำดื่ม,เครื่องดื่ม,4,19,76,14,56,20
O0171,2026-08-04 18:41:00,C001,ลูกค้า 1,False,W04,ชาเขียว,เครื่องดื่ม,4,23,92,14,56,36
O0172,2026-08-27 11:13:00,C016,ลูกค้า 16,True,S09,ขนมแท่ง,ขนม,3,23,69,11,33,36
O0172,2026-08-27 11:13:00,C016,ลูกค้า 16,True,S06,ข้าวเกรียบ,ขนม,3,18,54,10,30,24
O0172,2026-08-27 11:13:00,C016,ลูกค้า 16,True,S10,เค้ก,ขนม,1,32,32,20,20,12
O0173,2026-08-11 11:18:00,C013,ลูกค้า 13,False,W02,น้ำแร่,เครื่องดื่ม,1,15,15,9,9,6
O0174,2026-08-29 13:25:00,C003,ลูกค้า 3,True,S03,ช็อกโกแลต,ขนม,1,30,30,16,16,14
O0174,2026-08-29 13:25:00,C003,ลูกค้า 3,True,S07,เยลลี่,ขนม,2,24,48,15,30,18
O0174,2026-08-29 13:25:00,C003,ลูกค้า 3,True,S04,เวเฟอร์,ขนม,1,25,25,15,15,10
O0174,2026-08-29 13:25:00,C003,ลูกค้า 3,True,S05,คุกกี้,ขนม,1,28,28,13,13,15
O0175,2026-08-13 16:49:00,C027,ลูกค้า 27,True,S02,ขนมปังกรอบ,ขนม,3,24,72,9,27,45
O0175,2026-08-13 16:49:00,C027,ลูกค้า 27,True,W03,น้ำอัดลม,เครื่องดื่ม,3,20,60,13,39,21
O0175,2026-08-13 16:49:00,C027,ลูกค้า 27,True,W04,ชาเขียว,เครื่องดื่ม,4,23,92,14,56,36
O0175,2026-08-13 16:49:00,C027,ลูกค้า 27,True,S05,คุกกี้,ขนม,1,28,28,13,13,15
O0176,2026-08-18 10:05:00,C008,ลูกค้า 8,False,S10,เค้ก,ขนม,3,32,96,20,60,36
O0176,2026-08-18 10:05:00,C008,ลูกค้า 8,False,S09,ขนมแท่ง,ขนม,1,23,23,11,11,12
O0177,2026-08-01 10:31:00,C047,ลูกค้า 47,False,S09,ขนมแท่ง,ขนม,2,23,46,11,22,24
O0177,2026-08-01 10:31:00,C047,ลูกค้า 47,False,S07,เยลลี่,ขนม,2,24,48,15,30,18
O0177,2026-08-01 10:31:00,C047,ลูกค้า 47,False,W02,น้ำแร่,เครื่องดื่ม,2,15,30,9,18,12
O0178,2026-08-30 20:32:00,C038,ลูกค้า 38,False,W02,น้ำแร่,เครื่องดื่ม,1,15,15,9,9,6
O0179,2026-08-22 09:59:00,C002,ลูกค้า 2,False,S08,ถั่วอบ,ขนม,4,22,88,16,64,24
O0179,2026-08-22 09:59:00,C002,ลูกค้า 2,False,S10,เค้ก,ขนม,2,32,64,20,40,24
O0180,2026-08-29 16:17:00,C032,ลูกค้า 32,True,W02,น้ำแร่,เครื่องดื่ม,4,15,60,9,36,24
O0180,2026-08-29 16:17:00,C032,ลูกค้า 32,True,S07,เยลลี่,ขนม,4,24,96,15,60,36
O0180,2026-08-29 16:17:00,C032,ลูกค้า 32,True,W04,ชาเขียว,เครื่องดื่ม,4,23,92,14,56,36
O0180,2026-08-29 16:17:00,C032,ลูกค้า 32,True,S01,มันฝรั่งทอด,ขนม,3,30,90,16,48,42
O0181,2026-08-14 11:36:00,C041,ลูกค้า 41,False,W03,น้ำอัดลม,เครื่องดื่ม,4,20,80,13,52,28
O0182,2026-08-19 16:39:00,C031,ลูกค้า 31,True,W02,น้ำแร่,เครื่องดื่ม,3,15,45,9,27,18
O0182,2026-08-19 16:39:00,C031,ลูกค้า 31,True,S08,ถั่วอบ,ขนม,4,22,88,16,64,24
O0183,2026-08-21 12:54:00,C033,ลูกค้า 33,True,S07,เยลลี่,ขนม,3,24,72,15,45,27
O0184,2026-08-16 14:57:00,C012,ลูกค้า 12,False,S08,ถั่วอบ,ขนม,1,22,22,16,16,6
O0184,2026-08-16 14:57:00,C012,ลูกค้า 12,False,S01,มันฝรั่งทอด,ขนม,1,30,30,16,16,14
O0185,2026-08-26 14:33:00,C035,ลูกค้า 35,False,S06,ข้าวเกรียบ,ขนม,3,18,54,10,30,24
O0185,2026-08-26 14:33:00,C035,ลูกค้า 35,False,S07,เยลลี่,ขนม,4,24,96,15,60,36
O0186,2026-08-07 16:21:00,C019,ลูกค้า 19,True,S08,ถั่วอบ,ขนม,4,22,88,16,64,24
O0186,2026-08-07 16:21:00,C019,ลูกค้า 19,True,S06,ข้าวเกรียบ,ขนม,3,18,54,10,30,24
O0186,2026-08-07 16:21:00,C019,ลูกค้า 19,True,S09,ขนมแท่ง,ขนม,2,23,46,11,22,24
O0186,2026-08-07 16:21:00,C019,ลูกค้า 19,True,W03,น้ำอัดลม,เครื่องดื่ม,2,20,40,13,26,14
O0187,2026-08-30 09:39:00,C036,ลูกค้า 36,True,W04,ชาเขียว,เครื่องดื่ม,2,23,46,14,28,18
O0187,2026-08-30 09:39:00,C036,ลูกค้า 36,True,W03,น้ำอัดลม,เครื่องดื่ม,2,20,40,13,26,14
O0188,2026-08-08 10:51:00,C014,ลูกค้า 14,True,W04,ชาเขียว,เครื่องดื่ม,3,23,69,14,42,27
O0188,2026-08-08 10:51:00,C014,ลูกค้า 14,True,S08,ถั่วอบ,ขนม,4,22,88,16,64,24
O0188,2026-08-08 10:51:00,C014,ลูกค้า 14,True,S05,คุกกี้,ขนม,4,28,112,13,52,60
O0189,2026-08-25 20:06:00,C019,ลูกค้า 19,True,W02,น้ำแร่,เครื่องดื่ม,2,15,30,9,18,12
O0189,2026-08-25 20:06:00,C019,ลูกค้า 19,True,S04,เวเฟอร์,ขนม,1,25,25,15,15,10
O0189,2026-08-25 20:06:00,C019,ลูกค้า 19,True,S05,คุกกี้,ขนม,2,28,56,13,26,30
O0189,2026-08-25 20:06:00,C019,ลูกค้า 19,True,S02,ขนมปังกรอบ,ขนม,3,24,72,9,27,45
O0190,2026-08-06 21:50:00,C018,ลูกค้า 18,True,W02,น้ำแร่,เครื่องดื่ม,3,15,45,9,27,18
O0190,2026-08-06 21:50:00,C018,ลูกค้า 18,True,S02,ขนมปังกรอบ,ขนม,1,24,24,9,9,15
O0191,2026-08-07 15:52:00,C006,ลูกค้า 6,False,S01,มันฝรั่งทอด,ขนม,3,30,90,16,48,42
O0191,2026-08-07 15:52:00,C006,ลูกค้า 6,False,S09,ขนมแท่ง,ขนม,1,23,23,11,11,12
O0192,2026-08-02 21:08:00,C038,ลูกค้า 38,False,S04,เวเฟอร์,ขนม,1,25,25,15,15,10
O0192,2026-08-02 21:08:00,C038,ลูกค้า 38,False,S10,เค้ก,ขนม,3,32,96,20,60,36
O0192,2026-08-02 21:08:00,C038,ลูกค้า 38,False,S05,คุกกี้,ขนม,1,28,28,13,13,15
O0192,2026-08-02 21:08:00,C038,ลูกค้า 38,False,S07,เยลลี่,ขนม,4,24,96,15,60,36
O0193,2026-08-12 21:49:00,C007,ลูกค้า 7,False,S10,เค้ก,ขนม,2,32,64,20,40,24
O0193,2026-08-12 21:49:00,C007,ลูกค้า 7,False,S05,คุกกี้,ขนม,1,28,28,13,13,15
O0193,2026-08-12 21:49:00,C007,ลูกค้า 7,False,S04,เวเฟอร์,ขนม,4,25,100,15,60,40
O0194,2026-08-02 17:11:00,C034,ลูกค้า 34,True,W03,น้ำอัดลม,เครื่องดื่ม,2,20,40,13,26,14
O0194,2026-08-02 17:11:00,C034,ลูกค้า 34,True,S01,มันฝรั่งทอด,ขนม,2,30,60,16,32,28
O0194,2026-08-02 17:11:00,C034,ลูกค้า 34,True,W04,ชาเขียว,เครื่องดื่ม,2,23,46,14,28,18
O0194,2026-08-02 17:11:00,C034,ลูกค้า 34,True,W01,น้ำดื่ม,เครื่องดื่ม,2,19,38,14,28,10
O0195,2026-08-29 15:13:00,C044,ลูกค้า 44,False,S03,ช็อกโกแลต,ขนม,2,30,60,16,32,28
O0195,2026-08-29 15:13:00,C044,ลูกค้า 44,False,S01,มันฝรั่งทอด,ขนม,4,30,120,16,64,56
O0195,2026-08-29 15:13:00,C044,ลูกค้า 44,False,W02,น้ำแร่,เครื่องดื่ม,1,15,15,9,9,6
O0195,2026-08-29 15:13:00,C044,ลูกค้า 44,False,S07,เยลลี่,ขนม,2,24,48,15,30,18
O0196,2026-08-23 20:51:00,C027,ลูกค้า 27,True,S10,เค้ก,ขนม,1,32,32,20,20,12
O0196,2026-08-23 20:51:00,C027,ลูกค้า 27,True,W04,ชาเขียว,เครื่องดื่ม,1,23,23,14,14,9
O0196,2026-08-23 20:51:00,C027,ลูกค้า 27,True,S03,ช็อกโกแลต,ขนม,4,30,120,16,64,56
O0197,2026-08-17 12:23:00,C040,ลูกค้า 40,True,S02,ขนมปังกรอบ,ขนม,3,24,72,9,27,45
O0197,2026-08-17 12:23:00,C040,ลูกค้า 40,True,W01,น้ำดื่ม,เครื่องดื่ม,2,19,38,14,28,10
O0197,2026-08-17 12:23:00,C040,ลูกค้า 40,True,S09,ขนมแท่ง,ขนม,3,23,69,11,33,36
O0197,2026-08-17 12:23:00,C040,ลูกค้า 40,True,S08,ถั่วอบ,ขนม,1,22,22,16,16,6
O0198,2026-08-05 10:47:00,C007,ลูกค้า 7,False,S03,ช็อกโกแลต,ขนม,1,30,30,16,16,14
O0198,2026-08-05 10:47:00,C007,ลูกค้า 7,False,S07,เยลลี่,ขนม,2,24,48,15,30,18
O0198,2026-08-05 10:47:00,C007,ลูกค้า 7,False,S05,คุกกี้,ขนม,1,28,28,13,13,15
O0199,2026-08-30 10:38:00,C004,ลูกค้า 4,True,W02,น้ำแร่,เครื่องดื่ม,2,15,30,9,18,12
O0200,2026-08-24 20:35:00,C007,ลูกค้า 7,False,W01,น้ำดื่ม,เครื่องดื่ม,4,19,76,14,56,20
O0200,2026-08-24 20:35:00,C007,ลูกค้า 7,False,W03,น้ำอัดลม,เครื่องดื่ม,4,20,80,13,52,28
O0201,2026-08-18 14:52:00,C012,ลูกค้า 12,False,S01,มันฝรั่งทอด,ขนม,4,30,120,16,64,56
O0202,2026-08-06 11:04:00,C024,ลูกค้า 24,False,S09,ขนมแท่ง,ขนม,4,23,92,11,44,48
O0202,2026-08-06 11:04:00,C024,ลูกค้า 24,False,W03,น้ำอัดลม,เครื่องดื่ม,1,20,20,13,13,7
O0202,2026-08-06 11:04:00,C024,ลูกค้า 24,False,S04,เวเฟอร์,ขนม,3,25,75,15,45,30
O0202,2026-08-06 11:04:00,C024,ลูกค้า 24,False,S01,มันฝรั่งทอด,ขนม,4,30,120,16,64,56
O0203,2026-08-25 21:50:00,C015,ลูกค้า 15,True,W02,น้ำแร่,เครื่องดื่ม,4,15,60,9,36,24
O0203,2026-08-25 21:50:00,C015,ลูกค้า 15,True,S05,คุกกี้,ขนม,1,28,28,13,13,15
O0204,2026-08-10 17:22:00,C015,ลูกค้า 15,True,S06,ข้าวเกรียบ,ขนม,2,18,36,10,20,16
O0204,2026-08-10 17:22:00,C015,ลูกค้า 15,True,S03,ช็อกโกแลต,ขนม,3,30,90,16,48,42
O0204,2026-08-10 17:22:00,C015,ลูกค้า 15,True,S07,เยลลี่,ขนม,3,24,72,15,45,27
O0205,2026-08-02 10:24:00,C018,ลูกค้า 18,True,W05,เครื่องดื่มวิตามิน,เครื่องดื่ม,4,20,80,11,44,36
O0205,2026-08-02 10:24:00,C018,ลูกค้า 18,True,S06,ข้าวเกรียบ,ขนม,2,18,36,10,20,16
O0206,2026-08-02 13:04:00,C039,ลูกค้า 39,True,S01,มันฝรั่งทอด,ขนม,2,30,60,16,32,28
O0206,2026-08-02 13:04:00,C039,ลูกค้า 39,True,S03,ช็อกโกแลต,ขนม,4,30,120,16,64,56
O0206,2026-08-02 13:04:00,C039,ลูกค้า 39,True,S09,ขนมแท่ง,ขนม,3,23,69,11,33,36
O0207,2026-08-13 19:08:00,C021,ลูกค้า 21,False,S03,ช็อกโกแลต,ขนม,2,30,60,16,32,28
O0208,2026-08-27 12:31:00,C036,ลูกค้า 36,True,W02,น้ำแร่,เครื่องดื่ม,2,15,30,9,18,12
O0208,2026-08-27 12:31:00,C036,ลูกค้า 36,True,W01,น้ำดื่ม,เครื่องดื่ม,4,19,76,14,56,20
O0209,2026-08-21 07:48:00,C027,ลูกค้า 27,True,S01,มันฝรั่งทอด,ขนม,3,30,90,16,48,42
O0209,2026-08-21 07:48:00,C027,ลูกค้า 27,True,S05,คุกกี้,ขนม,1,28,28,13,13,15
O0210,2026-08-29 11:58:00,C010,ลูกค้า 10,True,S07,เยลลี่,ขนม,4,24,96,15,60,36
O0210,2026-08-29 11:58:00,C010,ลูกค้า 10,True,S03,ช็อกโกแลต,ขนม,3,30,90,16,48,42
O0210,2026-08-29 11:58:00,C010,ลูกค้า 10,True,W05,เครื่องดื่มวิตามิน,เครื่องดื่ม,1,20,20,11,11,9
O0210,2026-08-29 11:58:00,C010,ลูกค้า 10,True,W02,น้ำแร่,เครื่องดื่ม,3,15,45,9,27,18
O0211,2026-08-16 13:06:00,C002,ลูกค้า 2,False,S08,ถั่วอบ,ขนม,3,22,66,16,48,18
O0211,2026-08-16 13:06:00,C002,ลูกค้า 2,False,S09,ขนมแท่ง,ขนม,4,23,92,11,44,48
O0211,2026-08-16 13:06:00,C002,ลูกค้า 2,False,S03,ช็อกโกแลต,ขนม,3,30,90,16,48,42
O0211,2026-08-16 13:06:00,C002,ลูกค้า 2,False,S05,คุกกี้,ขนม,1,28,28,13,13,15
O0212,2026-08-15 07:42:00,C028,ลูกค้า 28,False,S01,มันฝรั่งทอด,ขนม,4,30,120,16,64,56
O0212,2026-08-15 07:42:00,C028,ลูกค้า 28,False,S08,ถั่วอบ,ขนม,2,22,44,16,32,12
O0213,2026-08-07 09:31:00,C025,ลูกค้า 25,True,W01,น้ำดื่ม,เครื่องดื่ม,2,19,38,14,28,10
O0213,2026-08-07 09:31:00,C025,ลูกค้า 25,True,W02,น้ำแร่,เครื่องดื่ม,2,15,30,9,18,12
O0213,2026-08-07 09:31:00,C025,ลูกค้า 25,True,S03,ช็อกโกแลต,ขนม,3,30,90,16,48,42
O0213,2026-08-07 09:31:00,C025,ลูกค้า 25,True,S07,เยลลี่,ขนม,1,24,24,15,15,9
O0214,2026-08-26 21:10:00,C041,ลูกค้า 41,False,S09,ขนมแท่ง,ขนม,2,23,46,11,22,24
O0214,2026-08-26 21:10:00,C041,ลูกค้า 41,False,S08,ถั่วอบ,ขนม,3,22,66,16,48,18
O0215,2026-08-24 15:53:00,C020,ลูกค้า 20,True,W03,น้ำอัดลม,เครื่องดื่ม,1,20,20,13,13,7
O0216,2026-08-01 09:25:00,C050,ลูกค้า 50,False,S10,เค้ก,ขนม,4,32,128,20,80,48
O0216,2026-08-01 09:25:00,C050,ลูกค้า 50,False,S04,เวเฟอร์,ขนม,4,25,100,15,60,40
O0216,2026-08-01 09:25:00,C050,ลูกค้า 50,False,W03,น้ำอัดลม,เครื่องดื่ม,2,20,40,13,26,14
O0217,2026-08-27 14:37:00,C046,ลูกค้า 46,False,W04,ชาเขียว,เครื่องดื่ม,4,23,92,14,56,36
O0218,2026-08-21 09:27:00,C044,ลูกค้า 44,False,S06,ข้าวเกรียบ,ขนม,4,18,72,10,40,32
O0218,2026-08-21 09:27:00,C044,ลูกค้า 44,False,W05,เครื่องดื่มวิตามิน,เครื่องดื่ม,4,20,80,11,44,36
O0218,2026-08-21 09:27:00,C044,ลูกค้า 44,False,S04,เวเฟอร์,ขนม,3,25,75,15,45,30
O0218,2026-08-21 09:27:00,C044,ลูกค้า 44,False,S05,คุกกี้,ขนม,2,28,56,13,26,30
O0219,2026-08-06 10:43:00,C044,ลูกค้า 44,False,S08,ถั่วอบ,ขนม,3,22,66,16,48,18
O0220,2026-08-26 13:03:00,C042,ลูกค้า 42,True,W05,เครื่องดื่มวิตามิน,เครื่องดื่ม,1,20,20,11,11,9
O0220,2026-08-26 13:03:00,C042,ลูกค้า 42,True,S07,เยลลี่,ขนม,2,24,48,15,30,18
O0220,2026-08-26 13:03:00,C042,ลูกค้า 42,True,S05,คุกกี้,ขนม,4,28,112,13,52,60
O0221,2026-08-11 20:37:00,C002,ลูกค้า 2,False,W04,ชาเขียว,เครื่องดื่ม,3,23,69,14,42,27
O0221,2026-08-11 20:37:00,C002,ลูกค้า 2,False,S08,ถั่วอบ,ขนม,4,22,88,16,64,24
O0221,2026-08-11 20:37:00,C002,ลูกค้า 2,False,S05,คุกกี้,ขนม,1,28,28,13,13,15
O0221,2026-08-11 20:37:00,C002,ลูกค้า 2,False,S07,เยลลี่,ขนม,1,24,24,15,15,9
O0222,2026-08-03 17:13:00,C029,ลูกค้า 29,False,S07,เยลลี่,ขนม,2,24,48,15,30,18
O0222,2026-08-03 17:13:00,C029,ลูกค้า 29,False,W04,ชาเขียว,เครื่องดื่ม,3,23,69,14,42,27
O0223,2026-08-29 19:31:00,C024,ลูกค้า 24,False,S07,เยลลี่,ขนม,1,24,24,15,15,9
O0223,2026-08-29 19:31:00,C024,ลูกค้า 24,False,W03,น้ำอัดลม,เครื่องดื่ม,1,20,20,13,13,7
O0223,2026-08-29 19:31:00,C024,ลูกค้า 24,False,W02,น้ำแร่,เครื่องดื่ม,1,15,15,9,9,6
O0223,2026-08-29 19:31:00,C024,ลูกค้า 24,False,S03,ช็อกโกแลต,ขนม,1,30,30,16,16,14
O0224,2026-08-05 08:40:00,C009,ลูกค้า 9,True,S01,มันฝรั่งทอด,ขนม,3,30,90,16,48,42
O0224,2026-08-05 08:40:00,C009,ลูกค้า 9,True,S03,ช็อกโกแลต,ขนม,1,30,30,16,16,14
O0224,2026-08-05 08:40:00,C009,ลูกค้า 9,True,S05,คุกกี้,ขนม,3,28,84,13,39,45
O0224,2026-08-05 08:40:00,C009,ลูกค้า 9,True,W02,น้ำแร่,เครื่องดื่ม,4,15,60,9,36,24
O0225,2026-08-06 13:32:00,C005,ลูกค้า 5,False,W01,น้ำดื่ม,เครื่องดื่ม,3,19,57,14,42,15
O0226,2026-08-25 17:25:00,C008,ลูกค้า 8,False,S03,ช็อกโกแลต,ขนม,3,30,90,16,48,42
O0226,2026-08-25 17:25:00,C008,ลูกค้า 8,False,S07,เยลลี่,ขนม,3,24,72,15,45,27
O0226,2026-08-25 17:25:00,C008,ลูกค้า 8,False,S09,ขนมแท่ง,ขนม,4,23,92,11,44,48
O0227,2026-08-05 21:47:00,C025,ลูกค้า 25,True,W05,เครื่องดื่มวิตามิน,เครื่องดื่ม,1,20,20,11,11,9
O0228,2026-08-07 10:08:00,C008,ลูกค้า 8,False,S02,ขนมปังกรอบ,ขนม,1,24,24,9,9,15
O0228,2026-08-07 10:08:00,C008,ลูกค้า 8,False,S04,เวเฟอร์,ขนม,2,25,50,15,30,20
O0229,2026-08-24 17:59:00,C017,ลูกค้า 17,False,S08,ถั่วอบ,ขนม,1,22,22,16,16,6
O0229,2026-08-24 17:59:00,C017,ลูกค้า 17,False,W01,น้ำดื่ม,เครื่องดื่ม,2,19,38,14,28,10
O0229,2026-08-24 17:59:00,C017,ลูกค้า 17,False,S09,ขนมแท่ง,ขนม,1,23,23,11,11,12
O0229,2026-08-24 17:59:00,C017,ลูกค้า 17,False,S10,เค้ก,ขนม,1,32,32,20,20,12
O0230,2026-08-01 17:42:00,C018,ลูกค้า 18,True,S08,ถั่วอบ,ขนม,3,22,66,16,48,18
O0230,2026-08-01 17:42:00,C018,ลูกค้า 18,True,S10,เค้ก,ขนม,1,32,32,20,20,12
O0230,2026-08-01 17:42:00,C018,ลูกค้า 18,True,W04,ชาเขียว,เครื่องดื่ม,3,23,69,14,42,27
O0230,2026-08-01 17:42:00,C018,ลูกค้า 18,True,W01,น้ำดื่ม,เครื่องดื่ม,2,19,38,14,28,10
O0231,2026-08-24 20:11:00,C006,ลูกค้า 6,False,S07,เยลลี่,ขนม,2,24,48,15,30,18
O0231,2026-08-24 20:11:00,C006,ลูกค้า 6,False,S01,มันฝรั่งทอด,ขนม,4,30,120,16,64,56
O0232,2026-08-13 14:11:00,C046,ลูกค้า 46,False,W05,เครื่องดื่มวิตามิน,เครื่องดื่ม,2,20,40,11,22,18
O0232,2026-08-13 14:11:00,C046,ลูกค้า 46,False,S06,ข้าวเกรียบ,ขนม,1,18,18,10,10,8
O0232,2026-08-13 14:11:00,C046,ลูกค้า 46,False,S10,เค้ก,ขนม,1,32,32,20,20,12
O0232,2026-08-13 14:11:00,C046,ลูกค้า 46,False,S01,มันฝรั่งทอด,ขนม,3,30,90,16,48,42
O0233,2026-08-05 17:23:00,C018,ลูกค้า 18,True,W02,น้ำแร่,เครื่องดื่ม,4,15,60,9,36,24
O0233,2026-08-05 17:23:00,C018,ลูกค้า 18,True,W05,เครื่องดื่มวิตามิน,เครื่องดื่ม,1,20,20,11,11,9
O0233,2026-08-05 17:23:00,C018,ลูกค้า 18,True,S04,เวเฟอร์,ขนม,1,25,25,15,15,10
O0233,2026-08-05 17:23:00,C018,ลูกค้า 18,True,W01,น้ำดื่ม,เครื่องดื่ม,1,19,19,14,14,5
O0234,2026-08-05 18:55:00,C027,ลูกค้า 27,True,W01,น้ำดื่ม,เครื่องดื่ม,2,19,38,14,28,10
O0235,2026-08-02 20:39:00,C012,ลูกค้า 12,False,W01,น้ำดื่ม,เครื่องดื่ม,2,19,38,14,28,10
O0235,2026-08-02 20:39:00,C012,ลูกค้า 12,False,W05,เครื่องดื่มวิตามิน,เครื่องดื่ม,2,20,40,11,22,18
O0235,2026-08-02 20:39:00,C012,ลูกค้า 12,False,W02,น้ำแร่,เครื่องดื่ม,4,15,60,9,36,24
O0236,2026-08-10 13:05:00,C039,ลูกค้า 39,True,S02,ขนมปังกรอบ,ขนม,3,24,72,9,27,45
O0237,2026-08-01 16:39:00,C045,ลูกค้า 45,False,S10,เค้ก,ขนม,1,32,32,20,20,12
O0237,2026-08-01 16:39:00,C045,ลูกค้า 45,False,S05,คุกกี้,ขนม,2,28,56,13,26,30
O0237,2026-08-01 16:39:00,C045,ลูกค้า 45,False,S04,เวเฟอร์,ขนม,1,25,25,15,15,10
O0238,2026-08-09 13:02:00,C030,ลูกค้า 30,False,W03,น้ำอัดลม,เครื่องดื่ม,4,20,80,13,52,28
O0239,2026-08-03 12:52:00,C045,ลูกค้า 45,False,W03,น้ำอัดลม,เครื่องดื่ม,1,20,20,13,13,7
O0240,2026-08-07 12:25:00,C007,ลูกค้า 7,False,W04,ชาเขียว,เครื่องดื่ม,3,23,69,14,42,27
O0240,2026-08-07 12:25:00,C007,ลูกค้า 7,False,W05,เครื่องดื่มวิตามิน,เครื่องดื่ม,2,20,40,11,22,18
O0240,2026-08-07 12:25:00,C007,ลูกค้า 7,False,S09,ขนมแท่ง,ขนม,2,23,46,11,22,24
O0241,2026-08-06 15:53:00,C015,ลูกค้า 15,True,S08,ถั่วอบ,ขนม,2,22,44,16,32,12
O0241,2026-08-06 15:53:00,C015,ลูกค้า 15,True,W04,ชาเขียว,เครื่องดื่ม,4,23,92,14,56,36
O0241,2026-08-06 15:53:00,C015,ลูกค้า 15,True,S06,ข้าวเกรียบ,ขนม,1,18,18,10,10,8
O0241,2026-08-06 15:53:00,C015,ลูกค้า 15,True,W03,น้ำอัดลม,เครื่องดื่ม,4,20,80,13,52,28
O0242,2026-08-02 21:32:00,C047,ลูกค้า 47,False,S06,ข้าวเกรียบ,ขนม,3,18,54,10,30,24
O0243,2026-08-11 07:44:00,C022,ลูกค้า 22,True,W03,น้ำอัดลม,เครื่องดื่ม,2,20,40,13,26,14
O0243,2026-08-11 07:44:00,C022,ลูกค้า 22,True,S02,ขนมปังกรอบ,ขนม,2,24,48,9,18,30
O0243,2026-08-11 07:44:00,C022,ลูกค้า 22,True,S03,ช็อกโกแลต,ขนม,2,30,60,16,32,28
O0243,2026-08-11 07:44:00,C022,ลูกค้า 22,True,S08,ถั่วอบ,ขนม,4,22,88,16,64,24
O0244,2026-08-24 14:52:00,C038,ลูกค้า 38,False,S09,ขนมแท่ง,ขนม,1,23,23,11,11,12
O0244,2026-08-24 14:52:00,C038,ลูกค้า 38,False,W01,น้ำดื่ม,เครื่องดื่ม,1,19,19,14,14,5
O0245,2026-08-01 21:50:00,C041,ลูกค้า 41,False,S05,คุกกี้,ขนม,2,28,56,13,26,30
O0245,2026-08-01 21:50:00,C041,ลูกค้า 41,False,S01,มันฝรั่งทอด,ขนม,2,30,60,16,32,28
O0246,2026-08-09 18:27:00,C035,ลูกค้า 35,False,W02,น้ำแร่,เครื่องดื่ม,1,15,15,9,9,6
O0246,2026-08-09 18:27:00,C035,ลูกค้า 35,False,S02,ขนมปังกรอบ,ขนม,2,24,48,9,18,30
O0247,2026-08-21 19:02:00,C042,ลูกค้า 42,True,W02,น้ำแร่,เครื่องดื่ม,4,15,60,9,36,24
O0247,2026-08-21 19:02:00,C042,ลูกค้า 42,True,S10,เค้ก,ขนม,4,32,128,20,80,48
O0248,2026-08-15 21:02:00,C004,ลูกค้า 4,True,S03,ช็อกโกแลต,ขนม,1,30,30,16,16,14
O0248,2026-08-15 21:02:00,C004,ลูกค้า 4,True,W03,น้ำอัดลม,เครื่องดื่ม,3,20,60,13,39,21
O0248,2026-08-15 21:02:00,C004,ลูกค้า 4,True,W04,ชาเขียว,เครื่องดื่ม,2,23,46,14,28,18
O0249,2026-08-30 14:20:00,C039,ลูกค้า 39,True,S04,เวเฟอร์,ขนม,4,25,100,15,60,40
O0249,2026-08-30 14:20:00,C039,ลูกค้า 39,True,S08,ถั่วอบ,ขนม,4,22,88,16,64,24
O0249,2026-08-30 14:20:00,C039,ลูกค้า 39,True,W01,น้ำดื่ม,เครื่องดื่ม,4,19,76,14,56,20
O0250,2026-08-07 20:03:00,C018,ลูกค้า 18,True,S05,คุกกี้,ขนม,4,28,112,13,52,60
O0250,2026-08-07 20:03:00,C018,ลูกค้า 18,True,S01,มันฝรั่งทอด,ขนม,3,30,90,16,48,42
O0251,2026-08-02 15:33:00,C047,ลูกค้า 47,False,S07,เยลลี่,ขนม,3,24,72,15,45,27
O0251,2026-08-02 15:33:00,C047,ลูกค้า 47,False,S04,เวเฟอร์,ขนม,4,25,100,15,60,40
O0251,2026-08-02 15:33:00,C047,ลูกค้า 47,False,W05,เครื่องดื่มวิตามิน,เครื่องดื่ม,4,20,80,11,44,36
O0251,2026-08-02 15:33:00,C047,ลูกค้า 47,False,W03,น้ำอัดลม,เครื่องดื่ม,1,20,20,13,13,7
O0252,2026-08-10 16:42:00,C027,ลูกค้า 27,True,W03,น้ำอัดลม,เครื่องดื่ม,1,20,20,13,13,7
O0253,2026-08-21 17:04:00,C012,ลูกค้า 12,False,S05,คุกกี้,ขนม,3,28,84,13,39,45
O0253,2026-08-21 17:04:00,C012,ลูกค้า 12,False,S09,ขนมแท่ง,ขนม,3,23,69,11,33,36
O0253,2026-08-21 17:04:00,C012,ลูกค้า 12,False,W04,ชาเขียว,เครื่องดื่ม,1,23,23,14,14,9
O0254,2026-08-09 21:44:00,C003,ลูกค้า 3,True,S04,เวเฟอร์,ขนม,1,25,25,15,15,10
O0254,2026-08-09 21:44:00,C003,ลูกค้า 3,True,S10,เค้ก,ขนม,1,32,32,20,20,12
O0254,2026-08-09 21:44:00,C003,ลูกค้า 3,True,W04,ชาเขียว,เครื่องดื่ม,2,23,46,14,28,18
O0255,2026-08-02 10:50:00,C037,ลูกค้า 37,True,W05,เครื่องดื่มวิตามิน,เครื่องดื่ม,4,20,80,11,44,36
O0255,2026-08-02 10:50:00,C037,ลูกค้า 37,True,S06,ข้าวเกรียบ,ขนม,2,18,36,10,20,16
O0256,2026-08-13 13:22:00,C033,ลูกค้า 33,True,W01,น้ำดื่ม,เครื่องดื่ม,4,19,76,14,56,20
O0256,2026-08-13 13:22:00,C033,ลูกค้า 33,True,S08,ถั่วอบ,ขนม,4,22,88,16,64,24
O0257,2026-08-29 15:24:00,C007,ลูกค้า 7,False,S06,ข้าวเกรียบ,ขนม,3,18,54,10,30,24
O0257,2026-08-29 15:24:00,C007,ลูกค้า 7,False,W03,น้ำอัดลม,เครื่องดื่ม,4,20,80,13,52,28
O0257,2026-08-29 15:24:00,C007,ลูกค้า 7,False,S02,ขนมปังกรอบ,ขนม,4,24,96,9,36,60
O0257,2026-08-29 15:24:00,C007,ลูกค้า 7,False,W02,น้ำแร่,เครื่องดื่ม,2,15,30,9,18,12
O0258,2026-08-05 08:57:00,C037,ลูกค้า 37,True,S03,ช็อกโกแลต,ขนม,3,30,90,16,48,42
O0259,2026-08-13 15:05:00,C031,ลูกค้า 31,True,S08,ถั่วอบ,ขนม,3,22,66,16,48,18
O0259,2026-08-13 15:05:00,C031,ลูกค้า 31,True,S05,คุกกี้,ขนม,1,28,28,13,13,15
O0260,2026-08-09 20:49:00,C049,ลูกค้า 49,True,W05,เครื่องดื่มวิตามิน,เครื่องดื่ม,1,20,20,11,11,9
O0260,2026-08-09 20:49:00,C049,ลูกค้า 49,True,S02,ขนมปังกรอบ,ขนม,2,24,48,9,18,30
O0261,2026-08-27 16:29:00,C022,ลูกค้า 22,True,S04,เวเฟอร์,ขนม,4,25,100,15,60,40
O0261,2026-08-27 16:29:00,C022,ลูกค้า 22,True,W01,น้ำดื่ม,เครื่องดื่ม,3,19,57,14,42,15
O0261,2026-08-27 16:29:00,C022,ลูกค้า 22,True,W03,น้ำอัดลม,เครื่องดื่ม,3,20,60,13,39,21
O0262,2026-08-01 13:56:00,C001,ลูกค้า 1,False,W01,น้ำดื่ม,เครื่องดื่ม,2,19,38,14,28,10
O0262,2026-08-01 13:56:00,C001,ลูกค้า 1,False,W02,น้ำแร่,เครื่องดื่ม,3,15,45,9,27,18
O0263,2026-08-16 14:22:00,C048,ลูกค้า 48,False,S10,เค้ก,ขนม,1,32,32,20,20,12
O0263,2026-08-16 14:22:00,C048,ลูกค้า 48,False,W04,ชาเขียว,เครื่องดื่ม,2,23,46,14,28,18
O0263,2026-08-16 14:22:00,C048,ลูกค้า 48,False,S09,ขนมแท่ง,ขนม,2,23,46,11,22,24
O0264,2026-08-10 18:19:00,C010,ลูกค้า 10,True,S08,ถั่วอบ,ขนม,3,22,66,16,48,18
O0265,2026-08-24 16:04:00,C031,ลูกค้า 31,True,S07,เยลลี่,ขนม,4,24,96,15,60,36
O0265,2026-08-24 16:04:00,C031,ลูกค้า 31,True,W05,เครื่องดื่มวิตามิน,เครื่องดื่ม,3,20,60,11,33,27
O0265,2026-08-24 16:04:00,C031,ลูกค้า 31,True,W04,ชาเขียว,เครื่องดื่ม,1,23,23,14,14,9
O0265,2026-08-24 16:04:00,C031,ลูกค้า 31,True,S05,คุกกี้,ขนม,4,28,112,13,52,60
O0266,2026-08-30 21:40:00,C039,ลูกค้า 39,True,S08,ถั่วอบ,ขนม,3,22,66,16,48,18
O0266,2026-08-30 21:40:00,C039,ลูกค้า 39,True,W01,น้ำดื่ม,เครื่องดื่ม,3,19,57,14,42,15
O0267,2026-08-26 11:35:00,C020,ลูกค้า 20,True,W05,เครื่องดื่มวิตามิน,เครื่องดื่ม,3,20,60,11,33,27
O0267,2026-08-26 11:35:00,C020,ลูกค้า 20,True,S01,มันฝรั่งทอด,ขนม,3,30,90,16,48,42
O0267,2026-08-26 11:35:00,C020,ลูกค้า 20,True,S05,คุกกี้,ขนม,1,28,28,13,13,15
O0267,2026-08-26 11:35:00,C020,ลูกค้า 20,True,W03,น้ำอัดลม,เครื่องดื่ม,1,20,20,13,13,7
O0268,2026-08-29 16:56:00,C001,ลูกค้า 1,False,S06,ข้าวเกรียบ,ขนม,1,18,18,10,10,8
O0268,2026-08-29 16:56:00,C001,ลูกค้า 1,False,S05,คุกกี้,ขนม,1,28,28,13,13,15
O0268,2026-08-29 16:56:00,C001,ลูกค้า 1,False,W04,ชาเขียว,เครื่องดื่ม,1,23,23,14,14,9
O0269,2026-08-25 21:24:00,C024,ลูกค้า 24,False,W03,น้ำอัดลม,เครื่องดื่ม,2,20,40,13,26,14
O0269,2026-08-25 21:24:00,C024,ลูกค้า 24,False,S10,เค้ก,ขนม,4,32,128,20,80,48
O0269,2026-08-25 21:24:00,C024,ลูกค้า 24,False,S07,เยลลี่,ขนม,4,24,96,15,60,36
O0269,2026-08-25 21:24:00,C024,ลูกค้า 24,False,S04,เวเฟอร์,ขนม,4,25,100,15,60,40
O0270,2026-08-28 11:16:00,C049,ลูกค้า 49,True,S09,ขนมแท่ง,ขนม,4,23,92,11,44,48
O0270,2026-08-28 11:16:00,C049,ลูกค้า 49,True,S08,ถั่วอบ,ขนม,4,22,88,16,64,24
O0270,2026-08-28 11:16:00,C049,ลูกค้า 49,True,S04,เวเฟอร์,ขนม,1,25,25,15,15,10
O0271,2026-08-08 07:18:00,C026,ลูกค้า 26,True,W01,น้ำดื่ม,เครื่องดื่ม,1,19,19,14,14,5
O0271,2026-08-08 07:18:00,C026,ลูกค้า 26,True,S01,มันฝรั่งทอด,ขนม,4,30,120,16,64,56
O0271,2026-08-08 07:18:00,C026,ลูกค้า 26,True,S05,คุกกี้,ขนม,4,28,112,13,52,60
O0272,2026-08-06 14:59:00,C011,ลูกค้า 11,True,W03,น้ำอัดลม,เครื่องดื่ม,3,20,60,13,39,21
O0272,2026-08-06 14:59:00,C011,ลูกค้า 11,True,S06,ข้าวเกรียบ,ขนม,3,18,54,10,30,24
O0273,2026-08-13 07:19:00,C040,ลูกค้า 40,True,W05,เครื่องดื่มวิตามิน,เครื่องดื่ม,3,20,60,11,33,27
O0273,2026-08-13 07:19:00,C040,ลูกค้า 40,True,S07,เยลลี่,ขนม,1,24,24,15,15,9
O0273,2026-08-13 07:19:00,C040,ลูกค้า 40,True,W02,น้ำแร่,เครื่องดื่ม,1,15,15,9,9,6
O0273,2026-08-13 07:19:00,C040,ลูกค้า 40,True,S06,ข้าวเกรียบ,ขนม,2,18,36,10,20,16
O0274,2026-08-30 20:46:00,C042,ลูกค้า 42,True,S09,ขนมแท่ง,ขนม,2,23,46,11,22,24
O0275,2026-08-08 13:40:00,C038,ลูกค้า 38,False,S02,ขนมปังกรอบ,ขนม,4,24,96,9,36,60
O0275,2026-08-08 13:40:00,C038,ลูกค้า 38,False,S04,เวเฟอร์,ขนม,2,25,50,15,30,20
O0276,2026-08-03 14:37:00,C032,ลูกค้า 32,True,S10,เค้ก,ขนม,4,32,128,20,80,48
O0276,2026-08-03 14:37:00,C032,ลูกค้า 32,True,S09,ขนมแท่ง,ขนม,2,23,46,11,22,24
O0277,2026-08-08 15:09:00,C015,ลูกค้า 15,True,S06,ข้าวเกรียบ,ขนม,3,18,54,10,30,24
O0277,2026-08-08 15:09:00,C015,ลูกค้า 15,True,S08,ถั่วอบ,ขนม,3,22,66,16,48,18
O0278,2026-08-28 20:10:00,C050,ลูกค้า 50,False,W01,น้ำดื่ม,เครื่องดื่ม,3,19,57,14,42,15
O0278,2026-08-28 20:10:00,C050,ลูกค้า 50,False,S10,เค้ก,ขนม,2,32,64,20,40,24
O0278,2026-08-28 20:10:00,C050,ลูกค้า 50,False,S02,ขนมปังกรอบ,ขนม,2,24,48,9,18,30
O0279,2026-08-17 07:53:00,C012,ลูกค้า 12,False,S09,ขนมแท่ง,ขนม,2,23,46,11,22,24
O0279,2026-08-17 07:53:00,C012,ลูกค้า 12,False,S05,คุกกี้,ขนม,2,28,56,13,26,30
O0279,2026-08-17 07:53:00,C012,ลูกค้า 12,False,S08,ถั่วอบ,ขนม,4,22,88,16,64,24
O0279,2026-08-17 07:53:00,C012,ลูกค้า 12,False,S10,เค้ก,ขนม,4,32,128,20,80,48
O0280,2026-08-04 21:45:00,C002,ลูกค้า 2,False,S04,เวเฟอร์,ขนม,2,25,50,15,30,20
O0281,2026-08-21 18:45:00,C042,ลูกค้า 42,True,S03,ช็อกโกแลต,ขนม,3,30,90,16,48,42
O0282,2026-08-04 07:43:00,C013,ลูกค้า 13,False,S09,ขนมแท่ง,ขนม,2,23,46,11,22,24
O0282,2026-08-04 07:43:00,C013,ลูกค้า 13,False,S07,เยลลี่,ขนม,1,24,24,15,15,9
O0283,2026-08-07 18:57:00,C043,ลูกค้า 43,True,S07,เยลลี่,ขนม,4,24,96,15,60,36
O0283,2026-08-07 18:57:00,C043,ลูกค้า 43,True,W04,ชาเขียว,เครื่องดื่ม,2,23,46,14,28,18
O0284,2026-08-05 17:43:00,C038,ลูกค้า 38,False,S10,เค้ก,ขนม,3,32,96,20,60,36
O0284,2026-08-05 17:43:00,C038,ลูกค้า 38,False,S08,ถั่วอบ,ขนม,3,22,66,16,48,18
O0285,2026-08-17 16:21:00,C045,ลูกค้า 45,False,S04,เวเฟอร์,ขนม,3,25,75,15,45,30
O0285,2026-08-17 16:21:00,C045,ลูกค้า 45,False,S07,เยลลี่,ขนม,4,24,96,15,60,36
O0285,2026-08-17 16:21:00,C045,ลูกค้า 45,False,W03,น้ำอัดลม,เครื่องดื่ม,2,20,40,13,26,14
O0285,2026-08-17 16:21:00,C045,ลูกค้า 45,False,S05,คุกกี้,ขนม,2,28,56,13,26,30
O0286,2026-08-18 15:27:00,C020,ลูกค้า 20,True,S01,มันฝรั่งทอด,ขนม,2,30,60,16,32,28
O0287,2026-08-03 10:25:00,C030,ลูกค้า 30,False,S10,เค้ก,ขนม,2,32,64,20,40,24
O0287,2026-08-03 10:25:00,C030,ลูกค้า 30,False,W01,น้ำดื่ม,เครื่องดื่ม,3,19,57,14,42,15
O0287,2026-08-03 10:25:00,C030,ลูกค้า 30,False,S03,ช็อกโกแลต,ขนม,2,30,60,16,32,28
O0287,2026-08-03 10:25:00,C030,ลูกค้า 30,False,S02,ขนมปังกรอบ,ขนม,1,24,24,9,9,15
O0288,2026-08-28 13:37:00,C038,ลูกค้า 38,False,W05,เครื่องดื่มวิตามิน,เครื่องดื่ม,1,20,20,11,11,9
O0289,2026-08-13 14:51:00,C021,ลูกค้า 21,False,S07,เยลลี่,ขนม,3,24,72,15,45,27
O0290,2026-08-14 15:32:00,C030,ลูกค้า 30,False,S03,ช็อกโกแลต,ขนม,1,30,30,16,16,14
O0290,2026-08-14 15:32:00,C030,ลูกค้า 30,False,S01,มันฝรั่งทอด,ขนม,1,30,30,16,16,14
O0291,2026-08-01 18:39:00,C003,ลูกค้า 3,True,S06,ข้าวเกรียบ,ขนม,1,18,18,10,10,8
O0291,2026-08-01 18:39:00,C003,ลูกค้า 3,True,S08,ถั่วอบ,ขนม,3,22,66,16,48,18
O0291,2026-08-01 18:39:00,C003,ลูกค้า 3,True,S04,เวเฟอร์,ขนม,3,25,75,15,45,30
O0291,2026-08-01 18:39:00,C003,ลูกค้า 3,True,S09,ขนมแท่ง,ขนม,4,23,92,11,44,48
O0292,2026-08-23 10:12:00,C041,ลูกค้า 41,False,S02,ขนมปังกรอบ,ขนม,2,24,48,9,18,30
O0292,2026-08-23 10:12:00,C041,ลูกค้า 41,False,W02,น้ำแร่,เครื่องดื่ม,1,15,15,9,9,6
O0293,2026-08-05 07:35:00,C007,ลูกค้า 7,False,S01,มันฝรั่งทอด,ขนม,3,30,90,16,48,42
O0293,2026-08-05 07:35:00,C007,ลูกค้า 7,False,W05,เครื่องดื่มวิตามิน,เครื่องดื่ม,3,20,60,11,33,27
O0293,2026-08-05 07:35:00,C007,ลูกค้า 7,False,S09,ขนมแท่ง,ขนม,3,23,69,11,33,36
O0293,2026-08-05 07:35:00,C007,ลูกค้า 7,False,S08,ถั่วอบ,ขนม,1,22,22,16,16,6
O0294,2026-08-18 18:17:00,C001,ลูกค้า 1,False,W01,น้ำดื่ม,เครื่องดื่ม,4,19,76,14,56,20
O0295,2026-08-02 16:27:00,C013,ลูกค้า 13,False,W01,น้ำดื่ม,เครื่องดื่ม,4,19,76,14,56,20
O0295,2026-08-02 16:27:00,C013,ลูกค้า 13,False,S02,ขนมปังกรอบ,ขนม,2,24,48,9,18,30
O0295,2026-08-02 16:27:00,C013,ลูกค้า 13,False,S03,ช็อกโกแลต,ขนม,2,30,60,16,32,28
O0295,2026-08-02 16:27:00,C013,ลูกค้า 13,False,S05,คุกกี้,ขนม,2,28,56,13,26,30
O0296,2026-08-20 20:33:00,C031,ลูกค้า 31,True,S04,เวเฟอร์,ขนม,3,25,75,15,45,30
O0296,2026-08-20 20:33:00,C031,ลูกค้า 31,True,S07,เยลลี่,ขนม,4,24,96,15,60,36
O0296,2026-08-20 20:33:00,C031,ลูกค้า 31,True,S02,ขนมปังกรอบ,ขนม,1,24,24,9,9,15
O0296,2026-08-20 20:33:00,C031,ลูกค้า 31,True,W05,เครื่องดื่มวิตามิน,เครื่องดื่ม,2,20,40,11,22,18
O0297,2026-08-30 13:03:00,C022,ลูกค้า 22,True,S10,เค้ก,ขนม,2,32,64,20,40,24
O0297,2026-08-30 13:03:00,C022,ลูกค้า 22,True,S01,มันฝรั่งทอด,ขนม,3,30,90,16,48,42
O0297,2026-08-30 13:03:00,C022,ลูกค้า 22,True,W03,น้ำอัดลม,เครื่องดื่ม,1,20,20,13,13,7
O0297,2026-08-30 13:03:00,C022,ลูกค้า 22,True,S02,ขนมปังกรอบ,ขนม,1,24,24,9,9,15
O0298,2026-08-06 12:46:00,C048,ลูกค้า 48,False,S08,ถั่วอบ,ขนม,1,22,22,16,16,6
O0299,2026-08-20 08:52:00,C002,ลูกค้า 2,False,S09,ขนมแท่ง,ขนม,3,23,69,11,33,36
O0299,2026-08-20 08:52:00,C002,ลูกค้า 2,False,S02,ขนมปังกรอบ,ขนม,3,24,72,9,27,45
O0299,2026-08-20 08:52:00,C002,ลูกค้า 2,False,W03,น้ำอัดลม,เครื่องดื่ม,1,20,20,13,13,7
O0300,2026-08-07 20:12:00,C007,ลูกค้า 7,False,W01,น้ำดื่ม,เครื่องดื่ม,1,19,19,14,14,5
O0300,2026-08-07 20:12:00,C007,ลูกค้า 7,False,S08,ถั่วอบ,ขนม,4,22,88,16,64,24
