transaction_id,order_id,order_time,customer_id,product_id,quantity,unit_price,unit_cost,sales_amount,discount_amount,net_sales_amount,cost_amount,profit
1,O0001,2026-08-18 17:20:00,C014,D03,2,19,12,38,0.0,38.0,24,14.0
2,O0001,2026-08-18 17:20:00,C014,S03,2,30,16,60,0.0,60.0,32,28.0
3,O0002,2026-08-29 18:18:00,C022,S01,2,33,18,66,0.0,66.0,36,30.0
4,O0002,2026-08-29 18:18:00,C022,D08,4,22,15,88,0.0,88.0,60,28.0
5,O0003,2026-08-10 08:55:00,C044,H06,2,50,34,100,0.0,100.0,68,32.0
6,O0003,2026-08-10 08:55:00,C044,H02,2,44,27,88,0.0,88.0,54,34.0
7,O0004,2026-08-18 10:25:00,C024,S10,1,33,18,33,0.0,33.0,18,15.0
8,O0004,2026-08-18 10:25:00,C024,S04,4,19,12,76,0.0,76.0,48,28.0
9,O0004,2026-08-18 10:25:00,C024,H07,2,38,21,76,0.0,76.0,42,34.0
10,O0004,2026-08-18 10:25:00,C024,S03,3,30,16,90,0.0,90.0,48,42.0
11,O0004,2026-08-18 10:25:00,C024,S07,3,18,9,54,0.0,54.0,27,27.0
12,O0005,2026-08-18 20:31:00,C007,S04,1,19,12,19,0.0,19.0,12,7.0
13,O0005,2026-08-18 20:31:00,C007,S10,2,33,18,66,0.0,66.0,36,30.0
14,O0005,2026-08-18 20:31:00,C007,H06,2,50,34,100,0.0,100.0,68,32.0
15,O0006,2026-08-05 14:55:00,C047,D01,4,18,8,72,1.0,71.0,32,39.0
16,O0007,2026-08-10 08:23:00,C014,S06,4,22,9,88,0.0,88.0,36,52.0
17,O0008,2026-08-29 21:10:00,C001,H03,1,55,35,55,0.0,55.0,35,20.0
18,O0008,2026-08-29 21:10:00,C001,S04,4,19,12,76,0.0,76.0,48,28.0
19,O0009,2026-08-29 08:34:00,C027,H04,2,50,32,100,0.0,100.0,64,36.0
20,O0009,2026-08-29 08:34:00,C027,H07,2,38,21,76,0.0,76.0,42,34.0
21,O0009,2026-08-29 08:34:00,C027,H02,2,44,27,88,0.0,88.0,54,34.0
22,O0010,2026-08-26 19:08:00,C021,H01,2,58,35,116,0.0,116.0,70,46.0
23,O0011,2026-08-26 18:13:00,C010,S03,1,30,16,30,0.0,30.0,16,14.0
24,O0011,2026-08-26 18:13:00,C010,H05,1,35,20,35,0.0,35.0,20,15.0
25,O0012,2026-08-16 10:35:00,C048,D04,1,16,8,16,0.0,16.0,8,8.0
26,O0013,2026-08-03 10:10:00,C011,S07,4,18,9,72,0.0,72.0,36,36.0
27,O0014,2026-08-16 14:04:00,C045,H05,1,35,20,35,0.0,35.0,20,15.0
28,O0014,2026-08-16 14:04:00,C045,D06,3,14,6,42,0.0,42.0,18,24.0
29,O0015,2026-08-02 19:27:00,C005,D01,1,18,8,18,0.0,18.0,8,10.0
30,O0016,2026-08-28 08:05:00,C016,S10,4,33,18,132,0.0,132.0,72,60.0
31,O0016,2026-08-28 08:05:00,C016,H05,1,35,20,35,0.0,35.0,20,15.0
32,O0016,2026-08-28 08:05:00,C016,H03,1,55,35,55,0.0,55.0,35,20.0
33,O0017,2026-08-02 13:15:00,C025,S01,4,33,18,132,0.0,132.0,72,60.0
34,O0017,2026-08-02 13:15:00,C025,D06,4,14,6,56,0.0,56.0,24,32.0
35,O0017,2026-08-02 13:15:00,C025,S04,2,19,12,38,0.0,38.0,24,14.0
36,O0017,2026-08-02 13:15:00,C025,D02,1,17,8,17,0.0,17.0,8,9.0
37,O0018,2026-08-14 14:41:00,C009,S10,2,33,18,66,0.0,66.0,36,30.0
38,O0019,2026-08-25 07:11:00,C016,D08,4,22,15,88,0.0,88.0,60,28.0
39,O0019,2026-08-25 07:11:00,C016,S04,3,19,12,57,0.0,57.0,36,21.0
40,O0019,2026-08-25 07:11:00,C016,S02,1,15,9,15,0.0,15.0,9,6.0
41,O0019,2026-08-25 07:11:00,C016,S05,2,13,8,26,0.0,26.0,16,10.0
42,O0020,2026-08-18 08:21:00,C011,S07,1,18,9,18,0.0,18.0,9,9.0
43,O0020,2026-08-18 08:21:00,C011,D04,4,16,8,64,0.0,64.0,32,32.0
44,O0020,2026-08-18 08:21:00,C011,H05,1,35,20,35,0.0,35.0,20,15.0
45,O0020,2026-08-18 08:21:00,C011,S08,4,16,9,64,0.0,64.0,36,28.0
46,O0020,2026-08-18 08:21:00,C011,H04,1,50,32,50,0.0,50.0,32,18.0
47,O0021,2026-08-27 07:11:00,C047,S03,4,30,16,120,0.0,120.0,64,56.0
48,O0021,2026-08-27 07:11:00,C047,D03,4,19,12,76,0.0,76.0,48,28.0
49,O0021,2026-08-27 07:11:00,C047,D07,2,17,10,34,0.0,34.0,20,14.0
50,O0021,2026-08-27 07:11:00,C047,H05,2,35,20,70,0.0,70.0,40,30.0
51,O0022,2026-08-23 20:49:00,C038,H04,2,50,32,100,0.0,100.0,64,36.0
52,O0023,2026-08-14 11:23:00,C042,D06,2,14,6,28,0.0,28.0,12,16.0
53,O0023,2026-08-14 11:23:00,C042,H05,2,35,20,70,0.0,70.0,40,30.0
54,O0023,2026-08-14 11:23:00,C042,H02,2,44,27,88,0.0,88.0,54,34.0
55,O0023,2026-08-14 11:23:00,C042,S02,3,15,9,45,0.0,45.0,27,18.0
56,O0023,2026-08-14 11:23:00,C042,S01,4,33,18,132,0.0,132.0,72,60.0
57,O0024,2026-08-29 15:32:00,C023,S02,4,15,9,60,0.0,60.0,36,24.0
58,O0024,2026-08-29 15:32:00,C023,D04,4,16,8,64,0.0,64.0,32,32.0
59,O0024,2026-08-29 15:32:00,C023,H04,1,50,32,50,0.0,50.0,32,18.0
60,O0024,2026-08-29 15:32:00,C023,D07,3,17,10,51,0.0,51.0,30,21.0
61,O0025,2026-08-29 07:44:00,C010,S09,1,20,12,20,0.0,20.0,12,8.0
62,O0025,2026-08-29 07:44:00,C010,S02,4,15,9,60,0.0,60.0,36,24.0
63,O0025,2026-08-29 07:44:00,C010,D02,1,17,8,17,0.0,17.0,8,9.0
64,O0025,2026-08-29 07:44:00,C010,D06,2,14,6,28,0.0,28.0,12,16.0
65,O0025,2026-08-29 07:44:00,C010,S08,1,16,9,16,0.0,16.0,9,7.0
66,O0026,2026-08-20 11:23:00,C036,D07,2,17,10,34,0.0,34.0,20,14.0
67,O0027,2026-08-19 14:53:00,C002,S10,4,33,18,132,0.0,132.0,72,60.0
68,O0027,2026-08-19 14:53:00,C002,S06,1,22,9,22,0.0,22.0,9,13.0
69,O0028,2026-08-12 07:08:00,C021,D04,4,16,8,64,0.0,64.0,32,32.0
70,O0028,2026-08-12 07:08:00,C021,H03,1,55,35,55,0.0,55.0,35,20.0
71,O0029,2026-08-02 20:50:00,C031,D05,2,21,15,42,0.0,42.0,30,12.0
72,O0029,2026-08-02 20:50:00,C031,H06,1,50,34,50,0.0,50.0,34,16.0
73,O0029,2026-08-02 20:50:00,C031,S01,2,33,18,66,0.0,66.0,36,30.0
74,O0029,2026-08-02 20:50:00,C031,H03,1,55,35,55,0.0,55.0,35,20.0
75,O0029,2026-08-02 20:50:00,C031,S07,4,18,9,72,0.0,72.0,36,36.0
76,O0030,2026-08-16 08:07:00,C017,H03,2,55,35,110,0.0,110.0,70,40.0
77,O0030,2026-08-16 08:07:00,C017,S10,3,33,18,99,0.0,99.0,54,45.0
78,O0031,2026-08-10 15:57:00,C013,H05,1,35,20,35,0.0,35.0,20,15.0
79,O0031,2026-08-10 15:57:00,C013,S06,3,22,9,66,0.0,66.0,27,39.0
80,O0031,2026-08-10 15:57:00,C013,S01,3,33,18,99,0.0,99.0,54,45.0
81,O0032,2026-08-13 15:25:00,C014,S06,1,22,9,22,0.0,22.0,9,13.0
82,O0032,2026-08-13 15:25:00,C014,H02,1,44,27,44,0.0,44.0,27,17.0
83,O0032,2026-08-13 15:25:00,C014,S03,1,30,16,30,0.0,30.0,16,14.0
84,O0032,2026-08-13 15:25:00,C014,S01,3,33,18,99,0.0,99.0,54,45.0
85,O0032,2026-08-13 15:25:00,C014,S02,2,15,9,30,0.0,30.0,18,12.0
86,O0033,2026-08-11 11:12:00,C048,S03,1,30,16,30,0.0,30.0,16,14.0
87,O0033,2026-08-11 11:12:00,C048,H04,2,50,32,100,0.0,100.0,64,36.0
88,O0034,2026-08-17 21:01:00,C004,D01,3,18,8,54,0.0,54.0,24,30.0
89,O0034,2026-08-17 21:01:00,C004,S05,2,13,8,26,0.0,26.0,16,10.0
90,O0034,2026-08-17 21:01:00,C004,D08,4,22,15,88,0.0,88.0,60,28.0
91,O0034,2026-08-17 21:01:00,C004,S10,2,33,18,66,0.0,66.0,36,30.0
92,O0035,2026-08-14 18:40:00,C028,D01,3,18,8,54,0.0,54.0,24,30.0
93,O0035,2026-08-14 18:40:00,C028,S06,2,22,9,44,0.0,44.0,18,26.0
94,O0035,2026-08-14 18:40:00,C028,H07,1,38,21,38,0.0,38.0,21,17.0
95,O0035,2026-08-14 18:40:00,C028,D04,4,16,8,64,0.0,64.0,32,32.0
96,O0036,2026-08-13 12:48:00,C044,S10,1,33,18,33,0.0,33.0,18,15.0
97,O0036,2026-08-13 12:48:00,C044,D03,3,19,12,57,0.0,57.0,36,21.0
98,O0036,2026-08-13 12:48:00,C044,H05,1,35,20,35,0.0,35.0,20,15.0
99,O0037,2026-08-27 15:22:00,C034,D03,4,19,12,76,0.0,76.0,48,28.0
100,O0037,2026-08-27 15:22:00,C034,H03,2,55,35,110,0.0,110.0,70,40.0
101,O0037,2026-08-27 15:22:00,C034,S01,2,33,18,66,0.0,66.0,36,30.0
102,O0037,2026-08-27 15:22:00,C034,D04,4,16,8,64,0.0,64.0,32,32.0
103,O0038,2026-08-09 09:32:00,C025,S09,2,20,12,40,0.0,40.0,24,16.0
104,O0038,2026-08-09 09:32:00,C025,S08,3,16,9,48,0.0,48.0,27,21.0
105,O0039,2026-08-28 15:08:00,C030,S04,1,19,12,19,0.37,18.63,12,6.63
106,O0039,2026-08-28 15:08:00,C030,S02,4,15,9,60,1.18,58.82,36,22.82
107,O0039,2026-08-28 15:08:00,C030,D03,3,19,12,57,1.12,55.88,36,19.88
108,O0039,2026-08-28 15:08:00,C030,D07,1,17,10,17,0.33,16.67,10,6.67
109,O0040,2026-08-18 18:08:00,C009,H01,1,58,35,58,0.0,58.0,35,23.0
110,O0040,2026-08-18 18:08:00,C009,D03,1,19,12,19,0.0,19.0,12,7.0
111,O0041,2026-08-04 14:25:00,C018,S09,3,20,12,60,0.66,59.34,36,23.34
112,O0041,2026-08-04 14:25:00,C018,D06,1,14,6,14,0.15,13.85,6,7.85
113,O0041,2026-08-04 14:25:00,C018,H05,1,35,20,35,0.39,34.61,20,14.61
114,O0041,2026-08-04 14:25:00,C018,S10,4,33,18,132,1.46,130.54,72,58.54
115,O0041,2026-08-04 14:25:00,C018,S03,1,30,16,30,0.33,29.67,16,13.67
116,O0042,2026-08-02 20:36:00,C009,S01,4,33,18,132,0.0,132.0,72,60.0
117,O0042,2026-08-02 20:36:00,C009,H02,2,44,27,88,0.0,88.0,54,34.0
118,O0043,2026-08-22 21:32:00,C049,D01,2,18,8,36,0.0,36.0,16,20.0
119,O0043,2026-08-22 21:32:00,C049,S06,4,22,9,88,0.0,88.0,36,52.0
120,O0044,2026-08-06 09:54:00,C050,S05,2,13,8,26,0.0,26.0,16,10.0
121,O0044,2026-08-06 09:54:00,C050,D06,1,14,6,14,0.0,14.0,6,8.0
122,O0045,2026-08-06 12:53:00,C017,S08,1,16,9,16,0.0,16.0,9,7.0
123,O0045,2026-08-06 12:53:00,C017,H03,1,55,35,55,0.0,55.0,35,20.0
124,O0046,2026-08-01 14:38:00,C038,S07,1,18,9,18,1.0,17.0,9,8.0
125,O0047,2026-08-04 18:17:00,C043,D01,3,18,8,54,0.75,53.25,24,29.25
126,O0047,2026-08-04 18:17:00,C043,S07,1,18,9,18,0.25,17.75,9,8.75
127,O0048,2026-08-30 20:30:00,C019,D02,1,17,8,17,0.0,17.0,8,9.0
128,O0048,2026-08-30 20:30:00,C019,H07,2,38,21,76,0.0,76.0,42,34.0
129,O0049,2026-08-17 19:39:00,C025,D08,2,22,15,44,0.0,44.0,30,14.0
130,O0049,2026-08-17 19:39:00,C025,H02,1,44,27,44,0.0,44.0,27,17.0
131,O0049,2026-08-17 19:39:00,C025,D06,3,14,6,42,0.0,42.0,18,24.0
132,O0050,2026-08-25 10:14:00,C038,H05,2,35,20,70,0.0,70.0,40,30.0
133,O0050,2026-08-25 10:14:00,C038,D04,2,16,8,32,0.0,32.0,16,16.0
134,O0050,2026-08-25 10:14:00,C038,D01,4,18,8,72,0.0,72.0,32,40.0
135,O0050,2026-08-25 10:14:00,C038,D05,1,21,15,21,0.0,21.0,15,6.0
136,O0051,2026-08-24 19:54:00,C039,H02,2,44,27,88,0.0,88.0,54,34.0
137,O0051,2026-08-24 19:54:00,C039,S01,3,33,18,99,0.0,99.0,54,45.0
138,O0051,2026-08-24 19:54:00,C039,D01,4,18,8,72,0.0,72.0,32,40.0
139,O0052,2026-08-18 12:45:00,C042,D06,3,14,6,42,0.0,42.0,18,24.0
140,O0052,2026-08-18 12:45:00,C042,S09,2,20,12,40,0.0,40.0,24,16.0
141,O0053,2026-08-16 10:14:00,C005,S06,1,22,9,22,0.0,22.0,9,13.0
142,O0053,2026-08-16 10:14:00,C005,H06,2,50,34,100,0.0,100.0,68,32.0
143,O0053,2026-08-16 10:14:00,C005,S03,2,30,16,60,0.0,60.0,32,28.0
144,O0053,2026-08-16 10:14:00,C005,S09,2,20,12,40,0.0,40.0,24,16.0
145,O0053,2026-08-16 10:14:00,C005,D08,4,22,15,88,0.0,88.0,60,28.0
146,O0054,2026-08-25 12:35:00,C034,S06,3,22,9,66,0.0,66.0,27,39.0
147,O0055,2026-08-29 16:27:00,C013,D06,2,14,6,28,0.0,28.0,12,16.0
148,O0055,2026-08-29 16:27:00,C013,D01,1,18,8,18,0.0,18.0,8,10.0
149,O0055,2026-08-29 16:27:00,C013,D02,3,17,8,51,0.0,51.0,24,27.0
150,O0055,2026-08-29 16:27:00,C013,S07,2,18,9,36,0.0,36.0,18,18.0
151,O0055,2026-08-29 16:27:00,C013,H06,1,50,34,50,0.0,50.0,34,16.0
152,O0056,2026-08-13 19:20:00,C050,S01,2,33,18,66,0.0,66.0,36,30.0
153,O0056,2026-08-13 19:20:00,C050,S05,3,13,8,39,0.0,39.0,24,15.0
154,O0056,2026-08-13 19:20:00,C050,S08,2,16,9,32,0.0,32.0,18,14.0
155,O0057,2026-08-13 19:56:00,C038,S02,2,15,9,30,0.23,29.77,18,11.77
156,O0057,2026-08-13 19:56:00,C038,H04,2,50,32,100,0.77,99.23,64,35.23
157,O0058,2026-08-27 18:52:00,C022,D01,2,18,8,36,0.0,36.0,16,20.0
158,O0058,2026-08-27 18:52:00,C022,H01,1,58,35,58,0.0,58.0,35,23.0
159,O0058,2026-08-27 18:52:00,C022,H05,1,35,20,35,0.0,35.0,20,15.0
160,O0058,2026-08-27 18:52:00,C022,D07,4,17,10,68,0.0,68.0,40,28.0
161,O0058,2026-08-27 18:52:00,C022,H07,1,38,21,38,0.0,38.0,21,17.0
162,O0059,2026-08-18 07:27:00,C002,D02,3,17,8,51,0.0,51.0,24,27.0
163,O0059,2026-08-18 07:27:00,C002,H03,2,55,35,110,0.0,110.0,70,40.0
164,O0060,2026-08-09 09:10:00,C046,S09,2,20,12,40,0.0,40.0,24,16.0
165,O0061,2026-08-15 17:21:00,C027,H02,1,44,27,44,0.0,44.0,27,17.0
166,O0061,2026-08-15 17:21:00,C027,D06,2,14,6,28,0.0,28.0,12,16.0
167,O0061,2026-08-15 17:21:00,C027,S08,3,16,9,48,0.0,48.0,27,21.0
168,O0061,2026-08-15 17:21:00,C027,H01,1,58,35,58,0.0,58.0,35,23.0
169,O0061,2026-08-15 17:21:00,C027,S03,1,30,16,30,0.0,30.0,16,14.0
170,O0062,2026-08-14 13:52:00,C010,H01,1,58,35,58,0.0,58.0,35,23.0
171,O0062,2026-08-14 13:52:00,C010,S04,1,19,12,19,0.0,19.0,12,7.0
172,O0062,2026-08-14 13:52:00,C010,H02,1,44,27,44,0.0,44.0,27,17.0
173,O0062,2026-08-14 13:52:00,C010,S08,3,16,9,48,0.0,48.0,27,21.0
174,O0063,2026-08-18 10:20:00,C033,S08,4,16,9,64,0.0,64.0,36,28.0
175,O0063,2026-08-18 10:20:00,C033,S01,3,33,18,99,0.0,99.0,54,45.0
176,O0063,2026-08-18 10:20:00,C033,S10,4,33,18,132,0.0,132.0,72,60.0
177,O0063,2026-08-18 10:20:00,C033,H04,1,50,32,50,0.0,50.0,32,18.0
178,O0064,2026-08-02 17:32:00,C036,S03,1,30,16,30,0.0,30.0,16,14.0
179,O0064,2026-08-02 17:32:00,C036,D07,1,17,10,17,0.0,17.0,10,7.0
180,O0065,2026-08-11 21:32:00,C041,S09,1,20,12,20,0.0,20.0,12,8.0
181,O0066,2026-08-25 16:22:00,C037,S02,4,15,9,60,0.0,60.0,36,24.0
182,O0066,2026-08-25 16:22:00,C037,D04,2,16,8,32,0.0,32.0,16,16.0
183,O0067,2026-08-24 08:59:00,C034,S02,3,15,9,45,0.0,45.0,27,18.0
184,O0067,2026-08-24 08:59:00,C034,D06,2,14,6,28,0.0,28.0,12,16.0
185,O0067,2026-08-24 08:59:00,C034,S04,3,19,12,57,0.0,57.0,36,21.0
186,O0067,2026-08-24 08:59:00,C034,S03,1,30,16,30,0.0,30.0,16,14.0
187,O0067,2026-08-24 08:59:00,C034,H02,1,44,27,44,0.0,44.0,27,17.0
188,O0068,2026-08-19 14:02:00,C023,S04,3,19,12,57,0.42,56.58,36,20.58
189,O0068,2026-08-19 14:02:00,C023,D07,4,17,10,68,0.5,67.5,40,27.5
190,O0068,2026-08-19 14:02:00,C023,D04,1,16,8,16,0.12,15.88,8,7.88
191,O0068,2026-08-19 14:02:00,C023,S10,4,33,18,132,0.97,131.03,72,59.03
192,O0069,2026-08-13 08:56:00,C002,D06,2,14,6,28,0.0,28.0,12,16.0
193,O0069,2026-08-13 08:56:00,C002,S08,4,16,9,64,0.0,64.0,36,28.0
194,O0069,2026-08-13 08:56:00,C002,D01,1,18,8,18,0.0,18.0,8,10.0
195,O0070,2026-08-10 07:14:00,C007,D04,3,16,8,48,0.76,47.24,24,23.24
196,O0070,2026-08-10 07:14:00,C007,D01,1,18,8,18,0.28,17.72,8,9.72
197,O0070,2026-08-10 07:14:00,C007,D07,2,17,10,34,0.54,33.46,20,13.46
198,O0070,2026-08-10 07:14:00,C007,S03,3,30,16,90,1.42,88.58,48,40.58
199,O0071,2026-08-09 10:20:00,C024,S09,4,20,12,80,0.0,80.0,48,32.0
200,O0071,2026-08-09 10:20:00,C024,H03,2,55,35,110,0.0,110.0,70,40.0
201,O0071,2026-08-09 10:20:00,C024,H04,1,50,32,50,0.0,50.0,32,18.0
202,O0071,2026-08-09 10:20:00,C024,S03,2,30,16,60,0.0,60.0,32,28.0
203,O0072,2026-08-22 14:35:00,C030,S02,3,15,9,45,0.47,44.53,27,17.53
204,O0072,2026-08-22 14:35:00,C030,D02,3,17,8,51,0.53,50.47,24,26.47
205,O0073,2026-08-04 21:07:00,C007,H05,2,35,20,70,0.0,70.0,40,30.0
206,O0073,2026-08-04 21:07:00,C007,S05,3,13,8,39,0.0,39.0,24,15.0
207,O0073,2026-08-04 21:07:00,C007,D03,3,19,12,57,0.0,57.0,36,21.0
208,O0073,2026-08-04 21:07:00,C007,H07,2,38,21,76,0.0,76.0,42,34.0
209,O0073,2026-08-04 21:07:00,C007,D02,1,17,8,17,0.0,17.0,8,9.0
210,O0074,2026-08-21 07:44:00,C045,H01,1,58,35,58,0.0,58.0,35,23.0
211,O0074,2026-08-21 07:44:00,C045,S02,4,15,9,60,0.0,60.0,36,24.0
212,O0074,2026-08-21 07:44:00,C045,H07,2,38,21,76,0.0,76.0,42,34.0
213,O0074,2026-08-21 07:44:00,C045,D02,2,17,8,34,0.0,34.0,16,18.0
214,O0075,2026-08-10 20:08:00,C030,D04,4,16,8,64,0.39,63.61,32,31.61
215,O0075,2026-08-10 20:08:00,C030,S05,3,13,8,39,0.23,38.77,24,14.77
216,O0075,2026-08-10 20:08:00,C030,D05,3,21,15,63,0.38,62.62,45,17.62
217,O0076,2026-08-06 20:44:00,C032,H04,2,50,32,100,2.32,97.68,64,33.68
218,O0076,2026-08-06 20:44:00,C032,D01,3,18,8,54,1.25,52.75,24,28.75
219,O0076,2026-08-06 20:44:00,C032,H01,2,58,35,116,2.69,113.31,70,43.31
220,O0076,2026-08-06 20:44:00,C032,D04,2,16,8,32,0.74,31.26,16,15.26
221,O0077,2026-08-29 19:42:00,C043,H05,1,35,20,35,0.0,35.0,20,15.0
222,O0077,2026-08-29 19:42:00,C043,H06,2,50,34,100,0.0,100.0,68,32.0
223,O0077,2026-08-29 19:42:00,C043,S08,1,16,9,16,0.0,16.0,9,7.0
224,O0078,2026-08-29 15:44:00,C033,D07,4,17,10,68,0.0,68.0,40,28.0
225,O0078,2026-08-29 15:44:00,C033,S08,3,16,9,48,0.0,48.0,27,21.0
226,O0078,2026-08-29 15:44:00,C033,H06,1,50,34,50,0.0,50.0,34,16.0
227,O0078,2026-08-29 15:44:00,C033,H03,2,55,35,110,0.0,110.0,70,40.0
228,O0079,2026-08-14 12:21:00,C010,H05,2,35,20,70,0.0,70.0,40,30.0
229,O0079,2026-08-14 12:21:00,C010,H06,2,50,34,100,0.0,100.0,68,32.0
230,O0079,2026-08-14 12:21:00,C010,H01,2,58,35,116,0.0,116.0,70,46.0
231,O0080,2026-08-15 10:30:00,C048,D07,4,17,10,68,0.0,68.0,40,28.0
232,O0080,2026-08-15 10:30:00,C048,S10,3,33,18,99,0.0,99.0,54,45.0
233,O0080,2026-08-15 10:30:00,C048,S05,1,13,8,13,0.0,13.0,8,5.0
234,O0080,2026-08-15 10:30:00,C048,D03,2,19,12,38,0.0,38.0,24,14.0
235,O0080,2026-08-15 10:30:00,C048,D04,1,16,8,16,0.0,16.0,8,8.0
236,O0081,2026-08-22 11:35:00,C047,S05,1,13,8,13,0.0,13.0,8,5.0
237,O0082,2026-08-02 07:32:00,C019,D07,3,17,10,51,0.0,51.0,30,21.0
238,O0082,2026-08-02 07:32:00,C019,D05,1,21,15,21,0.0,21.0,15,6.0
239,O0082,2026-08-02 07:32:00,C019,D04,1,16,8,16,0.0,16.0,8,8.0
240,O0082,2026-08-02 07:32:00,C019,S01,3,33,18,99,0.0,99.0,54,45.0
241,O0083,2026-08-22 10:45:00,C019,H05,1,35,20,35,0.0,35.0,20,15.0
242,O0083,2026-08-22 10:45:00,C019,D02,3,17,8,51,0.0,51.0,24,27.0
243,O0083,2026-08-22 10:45:00,C019,S10,1,33,18,33,0.0,33.0,18,15.0
244,O0083,2026-08-22 10:45:00,C019,D05,2,21,15,42,0.0,42.0,30,12.0
245,O0083,2026-08-22 10:45:00,C019,H07,1,38,21,38,0.0,38.0,21,17.0
246,O0084,2026-08-06 07:08:00,C025,D03,4,19,12,76,0.0,76.0,48,28.0
247,O0085,2026-08-25 18:05:00,C015,S10,3,33,18,99,0.0,99.0,54,45.0
248,O0086,2026-08-05 18:44:00,C032,D06,1,14,6,14,0.0,14.0,6,8.0
249,O0086,2026-08-05 18:44:00,C032,H02,1,44,27,44,0.0,44.0,27,17.0
250,O0086,2026-08-05 18:44:00,C032,S09,3,20,12,60,0.0,60.0,36,24.0
251,O0086,2026-08-05 18:44:00,C032,S10,2,33,18,66,0.0,66.0,36,30.0
252,O0086,2026-08-05 18:44:00,C032,H05,1,35,20,35,0.0,35.0,20,15.0
253,O0087,2026-08-13 15:16:00,C039,S02,2,15,9,30,0.0,30.0,18,12.0
254,O0087,2026-08-13 15:16:00,C039,S09,3,20,12,60,0.0,60.0,36,24.0
255,O0088,2026-08-28 21:28:00,C019,S02,4,15,9,60,0.0,60.0,36,24.0
256,O0089,2026-08-19 18:24:00,C017,D07,4,17,10,68,0.0,68.0,40,28.0
257,O0089,2026-08-19 18:24:00,C017,S08,1,16,9,16,0.0,16.0,9,7.0
258,O0090,2026-08-07 16:32:00,C014,D05,1,21,15,21,0.0,21.0,15,6.0
259,O0091,2026-08-10 12:36:00,C011,S08,3,16,9,48,0.0,48.0,27,21.0
260,O0091,2026-08-10 12:36:00,C011,D03,2,19,12,38,0.0,38.0,24,14.0
261,O0091,2026-08-10 12:36:00,C011,S07,3,18,9,54,0.0,54.0,27,27.0
262,O0091,2026-08-10 12:36:00,C011,H07,1,38,21,38,0.0,38.0,21,17.0
263,O0092,2026-08-27 14:42:00,C017,H04,2,50,32,100,0.0,100.0,64,36.0
264,O0093,2026-08-07 13:06:00,C028,S02,1,15,9,15,0.0,15.0,9,6.0
265,O0093,2026-08-07 13:06:00,C028,S06,3,22,9,66,0.0,66.0,27,39.0
266,O0094,2026-08-30 13:06:00,C012,S01,1,33,18,33,0.0,33.0,18,15.0
267,O0094,2026-08-30 13:06:00,C012,D02,1,17,8,17,0.0,17.0,8,9.0
268,O0094,2026-08-30 13:06:00,C012,D06,1,14,6,14,0.0,14.0,6,8.0
269,O0094,2026-08-30 13:06:00,C012,S08,1,16,9,16,0.0,16.0,9,7.0
270,O0095,2026-08-19 15:45:00,C002,S06,3,22,9,66,0.0,66.0,27,39.0
271,O0095,2026-08-19 15:45:00,C002,H05,2,35,20,70,0.0,70.0,40,30.0
272,O0095,2026-08-19 15:45:00,C002,S10,3,33,18,99,0.0,99.0,54,45.0
273,O0096,2026-08-05 20:24:00,C049,D03,2,19,12,38,2.05,35.95,24,11.95
274,O0096,2026-08-05 20:24:00,C049,S02,1,15,9,15,0.81,14.19,9,5.19
275,O0096,2026-08-05 20:24:00,C049,H01,1,58,35,58,3.14,54.86,35,19.86
276,O0097,2026-08-25 08:34:00,C038,S02,3,15,9,45,0.48,44.52,27,17.52
277,O0097,2026-08-25 08:34:00,C038,D04,3,16,8,48,0.52,47.48,24,23.48
278,O0098,2026-08-24 20:23:00,C010,S01,1,33,18,33,0.0,33.0,18,15.0
279,O0098,2026-08-24 20:23:00,C010,D04,4,16,8,64,0.0,64.0,32,32.0
280,O0098,2026-08-24 20:23:00,C010,S03,1,30,16,30,0.0,30.0,16,14.0
281,O0098,2026-08-24 20:23:00,C010,S02,2,15,9,30,0.0,30.0,18,12.0
282,O0098,2026-08-24 20:23:00,C010,D02,4,17,8,68,0.0,68.0,32,36.0
283,O0099,2026-08-30 18:31:00,C036,H03,1,55,35,55,0.0,55.0,35,20.0
284,O0099,2026-08-30 18:31:00,C036,D02,4,17,8,68,0.0,68.0,32,36.0
285,O0099,2026-08-30 18:31:00,C036,D05,3,21,15,63,0.0,63.0,45,18.0
286,O0099,2026-08-30 18:31:00,C036,S01,2,33,18,66,0.0,66.0,36,30.0
287,O0099,2026-08-30 18:31:00,C036,S08,2,16,9,32,0.0,32.0,18,14.0
288,O0100,2026-08-04 16:35:00,C019,D05,3,21,15,63,0.0,63.0,45,18.0
289,O0100,2026-08-04 16:35:00,C019,D08,1,22,15,22,0.0,22.0,15,7.0
290,O0100,2026-08-04 16:35:00,C019,S03,2,30,16,60,0.0,60.0,32,28.0
291,O0100,2026-08-04 16:35:00,C019,S07,1,18,9,18,0.0,18.0,9,9.0
292,O0100,2026-08-04 16:35:00,C019,H02,2,44,27,88,0.0,88.0,54,34.0
293,O0101,2026-08-22 15:27:00,C036,S07,2,18,9,36,0.0,36.0,18,18.0
294,O0101,2026-08-22 15:27:00,C036,D01,1,18,8,18,0.0,18.0,8,10.0
295,O0101,2026-08-22 15:27:00,C036,D07,4,17,10,68,0.0,68.0,40,28.0
296,O0101,2026-08-22 15:27:00,C036,D08,3,22,15,66,0.0,66.0,45,21.0
297,O0101,2026-08-22 15:27:00,C036,S09,4,20,12,80,0.0,80.0,48,32.0
298,O0102,2026-08-11 07:21:00,C043,D02,4,17,8,68,0.21,67.79,32,35.79
299,O0102,2026-08-11 07:21:00,C043,D06,1,14,6,14,0.04,13.96,6,7.96
300,O0102,2026-08-11 07:21:00,C043,H04,2,50,32,100,0.31,99.69,64,35.69
301,O0102,2026-08-11 07:21:00,C043,S09,3,20,12,60,0.19,59.81,36,23.81
302,O0102,2026-08-11 07:21:00,C043,D03,4,19,12,76,0.24,75.76,48,27.76
303,O0103,2026-08-11 07:20:00,C046,S07,3,18,9,54,0.62,53.38,27,26.38
304,O0103,2026-08-11 07:20:00,C046,S01,1,33,18,33,0.38,32.62,18,14.62
305,O0104,2026-08-07 20:43:00,C039,D04,1,16,8,16,0.0,16.0,8,8.0
306,O0104,2026-08-07 20:43:00,C039,D06,4,14,6,56,0.0,56.0,24,32.0
307,O0104,2026-08-07 20:43:00,C039,S07,1,18,9,18,0.0,18.0,9,9.0
308,O0105,2026-08-27 21:33:00,C019,S07,1,18,9,18,0.0,18.0,9,9.0
309,O0105,2026-08-27 21:33:00,C019,H01,1,58,35,58,0.0,58.0,35,23.0
310,O0105,2026-08-27 21:33:00,C019,S10,1,33,18,33,0.0,33.0,18,15.0
311,O0105,2026-08-27 21:33:00,C019,S04,1,19,12,19,0.0,19.0,12,7.0
312,O0106,2026-08-18 10:46:00,C014,H05,2,35,20,70,0.0,70.0,40,30.0
313,O0106,2026-08-18 10:46:00,C014,H01,1,58,35,58,0.0,58.0,35,23.0
314,O0106,2026-08-18 10:46:00,C014,H04,2,50,32,100,0.0,100.0,64,36.0
315,O0106,2026-08-18 10:46:00,C014,H03,1,55,35,55,0.0,55.0,35,20.0
316,O0106,2026-08-18 10:46:00,C014,D06,2,14,6,28,0.0,28.0,12,16.0
317,O0107,2026-08-12 18:47:00,C022,H03,1,55,35,55,0.0,55.0,35,20.0
318,O0107,2026-08-12 18:47:00,C022,S06,2,22,9,44,0.0,44.0,18,26.0
319,O0107,2026-08-12 18:47:00,C022,S09,1,20,12,20,0.0,20.0,12,8.0
320,O0107,2026-08-12 18:47:00,C022,S10,4,33,18,132,0.0,132.0,72,60.0
321,O0108,2026-08-07 13:30:00,C047,S10,4,33,18,132,0.43,131.57,72,59.57
322,O0108,2026-08-07 13:30:00,C047,H06,1,50,34,50,0.16,49.84,34,15.84
323,O0108,2026-08-07 13:30:00,C047,S09,1,20,12,20,0.06,19.94,12,7.94
324,O0108,2026-08-07 13:30:00,C047,S07,2,18,9,36,0.12,35.88,18,17.88
325,O0108,2026-08-07 13:30:00,C047,D01,4,18,8,72,0.23,71.77,32,39.77
326,O0109,2026-08-23 14:56:00,C041,H01,2,58,35,116,0.0,116.0,70,46.0
327,O0110,2026-08-17 10:54:00,C015,S01,2,33,18,66,0.0,66.0,36,30.0
328,O0111,2026-08-24 07:14:00,C005,D03,2,19,12,38,0.0,38.0,24,14.0
329,O0112,2026-08-21 07:40:00,C037,D01,3,18,8,54,0.0,54.0,24,30.0
330,O0112,2026-08-21 07:40:00,C037,H07,1,38,21,38,0.0,38.0,21,17.0
331,O0112,2026-08-21 07:40:00,C037,S08,1,16,9,16,0.0,16.0,9,7.0
332,O0113,2026-08-05 13:08:00,C035,S05,3,13,8,39,0.0,39.0,24,15.0
333,O0113,2026-08-05 13:08:00,C035,S03,2,30,16,60,0.0,60.0,32,28.0
334,O0113,2026-08-05 13:08:00,C035,D02,1,17,8,17,0.0,17.0,8,9.0
335,O0113,2026-08-05 13:08:00,C035,S08,4,16,9,64,0.0,64.0,36,28.0
336,O0114,2026-08-22 13:18:00,C035,H03,1,55,35,55,0.0,55.0,35,20.0
337,O0115,2026-08-24 18:47:00,C047,S07,4,18,9,72,1.42,70.58,36,34.58
338,O0115,2026-08-24 18:47:00,C047,S02,3,15,9,45,0.89,44.11,27,17.11
339,O0115,2026-08-24 18:47:00,C047,H02,1,44,27,44,0.87,43.13,27,16.13
340,O0115,2026-08-24 18:47:00,C047,D05,2,21,15,42,0.83,41.17,30,11.17
341,O0116,2026-08-04 16:57:00,C013,D01,4,18,8,72,0.0,72.0,32,40.0
342,O0117,2026-08-14 17:55:00,C027,S04,2,19,12,38,0.0,38.0,24,14.0
343,O0118,2026-08-28 18:20:00,C027,D08,2,22,15,44,0.23,43.77,30,13.77
344,O0118,2026-08-28 18:20:00,C027,S01,1,33,18,33,0.17,32.83,18,14.83
345,O0118,2026-08-28 18:20:00,C027,S04,4,19,12,76,0.39,75.61,48,27.61
346,O0118,2026-08-28 18:20:00,C027,S09,2,20,12,40,0.21,39.79,24,15.79
347,O0119,2026-08-02 16:36:00,C024,D01,1,18,8,18,0.0,18.0,8,10.0
348,O0119,2026-08-02 16:36:00,C024,S08,2,16,9,32,0.0,32.0,18,14.0
349,O0119,2026-08-02 16:36:00,C024,H06,1,50,34,50,0.0,50.0,34,16.0
350,O0119,2026-08-02 16:36:00,C024,S09,4,20,12,80,0.0,80.0,48,32.0
351,O0119,2026-08-02 16:36:00,C024,S03,2,30,16,60,0.0,60.0,32,28.0
352,O0120,2026-08-12 15:33:00,C020,D08,1,22,15,22,0.0,22.0,15,7.0
353,O0120,2026-08-12 15:33:00,C020,S06,4,22,9,88,0.0,88.0,36,52.0
354,O0121,2026-08-13 18:52:00,C020,S04,3,19,12,57,0.0,57.0,36,21.0
355,O0121,2026-08-13 18:52:00,C020,D02,1,17,8,17,0.0,17.0,8,9.0
356,O0122,2026-08-24 13:04:00,C006,S07,3,18,9,54,0.0,54.0,27,27.0
357,O0122,2026-08-24 13:04:00,C006,H01,1,58,35,58,0.0,58.0,35,23.0
358,O0122,2026-08-24 13:04:00,C006,S09,3,20,12,60,0.0,60.0,36,24.0
359,O0122,2026-08-24 13:04:00,C006,D07,4,17,10,68,0.0,68.0,40,28.0
360,O0122,2026-08-24 13:04:00,C006,H03,2,55,35,110,0.0,110.0,70,40.0
361,O0123,2026-08-27 09:17:00,C047,H05,2,35,20,70,0.0,70.0,40,30.0
362,O0124,2026-08-08 21:42:00,C029,D08,2,22,15,44,0.0,44.0,30,14.0
363,O0124,2026-08-08 21:42:00,C029,H04,1,50,32,50,0.0,50.0,32,18.0
364,O0125,2026-08-01 13:55:00,C013,H07,2,38,21,76,0.0,76.0,42,34.0
365,O0126,2026-08-24 11:07:00,C048,H04,1,50,32,50,0.0,50.0,32,18.0
366,O0126,2026-08-24 11:07:00,C048,S05,1,13,8,13,0.0,13.0,8,5.0
367,O0126,2026-08-24 11:07:00,C048,H06,1,50,34,50,0.0,50.0,34,16.0
368,O0126,2026-08-24 11:07:00,C048,H05,2,35,20,70,0.0,70.0,40,30.0
369,O0126,2026-08-24 11:07:00,C048,H03,1,55,35,55,0.0,55.0,35,20.0
370,O0127,2026-08-11 09:24:00,C025,S03,1,30,16,30,0.0,30.0,16,14.0
371,O0127,2026-08-11 09:24:00,C025,H02,2,44,27,88,0.0,88.0,54,34.0
372,O0127,2026-08-11 09:24:00,C025,D08,1,22,15,22,0.0,22.0,15,7.0
373,O0127,2026-08-11 09:24:00,C025,H05,2,35,20,70,0.0,70.0,40,30.0
374,O0127,2026-08-11 09:24:00,C025,H06,1,50,34,50,0.0,50.0,34,16.0
375,O0128,2026-08-10 07:28:00,C040,D07,3,17,10,51,0.0,51.0,30,21.0
376,O0128,2026-08-10 07:28:00,C040,H04,2,50,32,100,0.0,100.0,64,36.0
377,O0128,2026-08-10 07:28:00,C040,D08,2,22,15,44,0.0,44.0,30,14.0
378,O0128,2026-08-10 07:28:00,C040,H06,1,50,34,50,0.0,50.0,34,16.0
379,O0129,2026-08-30 11:51:00,C007,S06,1,22,9,22,0.0,22.0,9,13.0
380,O0129,2026-08-30 11:51:00,C007,S02,3,15,9,45,0.0,45.0,27,18.0
381,O0130,2026-08-20 21:01:00,C034,D06,2,14,6,28,0.0,28.0,12,16.0
382,O0130,2026-08-20 21:01:00,C034,D07,1,17,10,17,0.0,17.0,10,7.0
383,O0131,2026-08-26 09:55:00,C025,S01,3,33,18,99,0.0,99.0,54,45.0
384,O0132,2026-08-01 12:13:00,C016,S03,1,30,16,30,0.0,30.0,16,14.0
385,O0132,2026-08-01 12:13:00,C016,H04,1,50,32,50,0.0,50.0,32,18.0
386,O0133,2026-08-26 17:14:00,C037,D06,1,14,6,14,0.0,14.0,6,8.0
387,O0134,2026-08-15 15:47:00,C023,H06,2,50,34,100,0.0,100.0,68,32.0
388,O0134,2026-08-15 15:47:00,C023,D07,2,17,10,34,0.0,34.0,20,14.0
389,O0135,2026-08-08 10:47:00,C043,S02,3,15,9,45,0.0,45.0,27,18.0
390,O0135,2026-08-08 10:47:00,C043,S01,1,33,18,33,0.0,33.0,18,15.0
391,O0135,2026-08-08 10:47:00,C043,H05,2,35,20,70,0.0,70.0,40,30.0
392,O0135,2026-08-08 10:47:00,C043,D08,2,22,15,44,0.0,44.0,30,14.0
393,O0136,2026-08-14 19:30:00,C034,D01,2,18,8,36,0.0,36.0,16,20.0
394,O0137,2026-08-29 13:59:00,C023,D04,4,16,8,64,0.31,63.69,32,31.69
395,O0137,2026-08-29 13:59:00,C023,S07,3,18,9,54,0.26,53.74,27,26.74
396,O0137,2026-08-29 13:59:00,C023,D01,3,18,8,54,0.26,53.74,24,29.74
397,O0137,2026-08-29 13:59:00,C023,S06,1,22,9,22,0.11,21.89,9,12.89
398,O0137,2026-08-29 13:59:00,C023,D06,1,14,6,14,0.07,13.93,6,7.93
399,O0138,2026-08-26 08:01:00,C025,D06,2,14,6,28,0.0,28.0,12,16.0
400,O0138,2026-08-26 08:01:00,C025,S10,2,33,18,66,0.0,66.0,36,30.0
401,O0138,2026-08-26 08:01:00,C025,D01,3,18,8,54,0.0,54.0,24,30.0
402,O0138,2026-08-26 08:01:00,C025,S07,2,18,9,36,0.0,36.0,18,18.0
403,O0139,2026-08-05 13:43:00,C041,D02,1,17,8,17,0.0,17.0,8,9.0
404,O0139,2026-08-05 13:43:00,C041,D08,2,22,15,44,0.0,44.0,30,14.0
405,O0139,2026-08-05 13:43:00,C041,S03,3,30,16,90,0.0,90.0,48,42.0
406,O0140,2026-08-25 19:26:00,C022,D04,1,16,8,16,0.0,16.0,8,8.0
407,O0140,2026-08-25 19:26:00,C022,S01,2,33,18,66,0.0,66.0,36,30.0
408,O0140,2026-08-25 19:26:00,C022,H05,2,35,20,70,0.0,70.0,40,30.0
409,O0140,2026-08-25 19:26:00,C022,S02,4,15,9,60,0.0,60.0,36,24.0
410,O0140,2026-08-25 19:26:00,C022,D06,2,14,6,28,0.0,28.0,12,16.0
411,O0141,2026-08-25 19:12:00,C034,S10,4,33,18,132,0.0,132.0,72,60.0
412,O0142,2026-08-11 18:05:00,C020,S05,4,13,8,52,0.0,52.0,32,20.0
413,O0142,2026-08-11 18:05:00,C020,S03,2,30,16,60,0.0,60.0,32,28.0
414,O0142,2026-08-11 18:05:00,C020,H03,1,55,35,55,0.0,55.0,35,20.0
415,O0142,2026-08-11 18:05:00,C020,S06,1,22,9,22,0.0,22.0,9,13.0
416,O0142,2026-08-11 18:05:00,C020,S04,2,19,12,38,0.0,38.0,24,14.0
417,O0143,2026-08-21 10:56:00,C027,D07,3,17,10,51,0.0,51.0,30,21.0
418,O0143,2026-08-21 10:56:00,C027,H07,1,38,21,38,0.0,38.0,21,17.0
419,O0143,2026-08-21 10:56:00,C027,D08,2,22,15,44,0.0,44.0,30,14.0
420,O0143,2026-08-21 10:56:00,C027,S05,2,13,8,26,0.0,26.0,16,10.0
421,O0144,2026-08-13 20:52:00,C013,S05,2,13,8,26,0.0,26.0,16,10.0
422,O0144,2026-08-13 20:52:00,C013,D06,1,14,6,14,0.0,14.0,6,8.0
423,O0145,2026-08-02 09:34:00,C031,D06,2,14,6,28,0.27,27.73,12,15.73
424,O0145,2026-08-02 09:34:00,C031,H04,2,50,32,100,0.98,99.02,64,35.02
425,O0145,2026-08-02 09:34:00,C031,S05,2,13,8,26,0.25,25.75,16,9.75
426,O0145,2026-08-02 09:34:00,C031,H06,1,50,34,50,0.49,49.51,34,15.51
427,O0146,2026-08-02 12:13:00,C012,S05,3,13,8,39,0.0,39.0,24,15.0
428,O0146,2026-08-02 12:13:00,C012,S03,1,30,16,30,0.0,30.0,16,14.0
429,O0146,2026-08-02 12:13:00,C012,D05,3,21,15,63,0.0,63.0,45,18.0
430,O0146,2026-08-02 12:13:00,C012,H06,1,50,34,50,0.0,50.0,34,16.0
431,O0146,2026-08-02 12:13:00,C012,S07,3,18,9,54,0.0,54.0,27,27.0
432,O0147,2026-08-28 11:13:00,C050,H01,2,58,35,116,0.0,116.0,70,46.0
433,O0147,2026-08-28 11:13:00,C050,S10,3,33,18,99,0.0,99.0,54,45.0
434,O0148,2026-08-25 09:00:00,C033,S02,1,15,9,15,0.0,15.0,9,6.0
435,O0148,2026-08-25 09:00:00,C033,S04,2,19,12,38,0.0,38.0,24,14.0
436,O0148,2026-08-25 09:00:00,C033,H03,1,55,35,55,0.0,55.0,35,20.0
437,O0149,2026-08-15 07:02:00,C044,S07,1,18,9,18,7.0,11.0,9,2.0
438,O0150,2026-08-08 17:55:00,C033,H05,2,35,20,70,0.29,69.71,40,29.71
439,O0150,2026-08-08 17:55:00,C033,H04,1,50,32,50,0.21,49.79,32,17.79
440,O0150,2026-08-08 17:55:00,C033,S03,4,30,16,120,0.5,119.5,64,55.5
441,O0151,2026-08-01 16:52:00,C023,H04,1,50,32,50,0.25,49.75,32,17.75
442,O0151,2026-08-01 16:52:00,C023,S02,1,15,9,15,0.08,14.92,9,5.92
443,O0151,2026-08-01 16:52:00,C023,H03,2,55,35,110,0.56,109.44,70,39.44
444,O0151,2026-08-01 16:52:00,C023,D08,1,22,15,22,0.11,21.89,15,6.89
445,O0152,2026-08-27 12:05:00,C028,H04,1,50,32,50,0.0,50.0,32,18.0
446,O0152,2026-08-27 12:05:00,C028,D07,2,17,10,34,0.0,34.0,20,14.0
447,O0153,2026-08-22 17:16:00,C043,D04,4,16,8,64,0.0,64.0,32,32.0
448,O0153,2026-08-22 17:16:00,C043,S04,4,19,12,76,0.0,76.0,48,28.0
449,O0153,2026-08-22 17:16:00,C043,S01,1,33,18,33,0.0,33.0,18,15.0
450,O0153,2026-08-22 17:16:00,C043,D07,1,17,10,17,0.0,17.0,10,7.0
451,O0153,2026-08-22 17:16:00,C043,H07,1,38,21,38,0.0,38.0,21,17.0
452,O0154,2026-08-13 12:57:00,C003,H07,2,38,21,76,0.0,76.0,42,34.0
453,O0154,2026-08-13 12:57:00,C003,H05,1,35,20,35,0.0,35.0,20,15.0
454,O0154,2026-08-13 12:57:00,C003,S05,4,13,8,52,0.0,52.0,32,20.0
455,O0155,2026-08-17 10:08:00,C013,D05,3,21,15,63,0.0,63.0,45,18.0
456,O0155,2026-08-17 10:08:00,C013,S10,4,33,18,132,0.0,132.0,72,60.0
457,O0155,2026-08-17 10:08:00,C013,H04,2,50,32,100,0.0,100.0,64,36.0
458,O0155,2026-08-17 10:08:00,C013,D07,1,17,10,17,0.0,17.0,10,7.0
459,O0156,2026-08-26 07:56:00,C040,S07,3,18,9,54,0.0,54.0,27,27.0
460,O0157,2026-08-03 19:00:00,C003,H07,1,38,21,38,0.0,38.0,21,17.0
461,O0157,2026-08-03 19:00:00,C003,S04,1,19,12,19,0.0,19.0,12,7.0
462,O0157,2026-08-03 19:00:00,C003,S07,1,18,9,18,0.0,18.0,9,9.0
463,O0157,2026-08-03 19:00:00,C003,S10,4,33,18,132,0.0,132.0,72,60.0
464,O0158,2026-08-23 09:22:00,C013,S03,1,30,16,30,0.0,30.0,16,14.0
465,O0158,2026-08-23 09:22:00,C013,H01,1,58,35,58,0.0,58.0,35,23.0
466,O0158,2026-08-23 09:22:00,C013,S06,4,22,9,88,0.0,88.0,36,52.0
467,O0158,2026-08-23 09:22:00,C013,H06,1,50,34,50,0.0,50.0,34,16.0
468,O0159,2026-08-03 14:12:00,C042,S02,3,15,9,45,0.0,45.0,27,18.0
469,O0159,2026-08-03 14:12:00,C042,S03,3,30,16,90,0.0,90.0,48,42.0
470,O0160,2026-08-16 15:00:00,C047,H05,2,35,20,70,0.49,69.51,40,29.51
471,O0160,2026-08-16 15:00:00,C047,D04,1,16,8,16,0.11,15.89,8,7.89
472,O0160,2026-08-16 15:00:00,C047,D03,3,19,12,57,0.4,56.6,36,20.6
473,O0161,2026-08-27 07:38:00,C016,D03,1,19,12,19,0.0,19.0,12,7.0
474,O0161,2026-08-27 07:38:00,C016,D07,4,17,10,68,0.0,68.0,40,28.0
475,O0161,2026-08-27 07:38:00,C016,S02,4,15,9,60,0.0,60.0,36,24.0
476,O0161,2026-08-27 07:38:00,C016,S10,3,33,18,99,0.0,99.0,54,45.0
477,O0162,2026-08-06 19:38:00,C026,S10,2,33,18,66,0.58,65.42,36,29.42
478,O0162,2026-08-06 19:38:00,C026,S08,3,16,9,48,0.42,47.58,27,20.58
479,O0163,2026-08-17 09:23:00,C001,H06,1,50,34,50,0.0,50.0,34,16.0
480,O0163,2026-08-17 09:23:00,C001,S04,2,19,12,38,0.0,38.0,24,14.0
481,O0163,2026-08-17 09:23:00,C001,S06,1,22,9,22,0.0,22.0,9,13.0
482,O0164,2026-08-24 14:46:00,C022,S04,3,19,12,57,0.0,57.0,36,21.0
483,O0164,2026-08-24 14:46:00,C022,H04,2,50,32,100,0.0,100.0,64,36.0
484,O0164,2026-08-24 14:46:00,C022,S09,3,20,12,60,0.0,60.0,36,24.0
485,O0164,2026-08-24 14:46:00,C022,D05,3,21,15,63,0.0,63.0,45,18.0
486,O0164,2026-08-24 14:46:00,C022,S02,2,15,9,30,0.0,30.0,18,12.0
487,O0165,2026-08-17 19:18:00,C036,S06,1,22,9,22,0.0,22.0,9,13.0
488,O0165,2026-08-17 19:18:00,C036,H02,1,44,27,44,0.0,44.0,27,17.0
489,O0165,2026-08-17 19:18:00,C036,S03,1,30,16,30,0.0,30.0,16,14.0
490,O0166,2026-08-07 17:07:00,C006,S02,4,15,9,60,0.0,60.0,36,24.0
491,O0167,2026-08-28 07:25:00,C017,S09,2,20,12,40,0.0,40.0,24,16.0
492,O0167,2026-08-28 07:25:00,C017,D03,4,19,12,76,0.0,76.0,48,28.0
493,O0167,2026-08-28 07:25:00,C017,D05,1,21,15,21,0.0,21.0,15,6.0
494,O0167,2026-08-28 07:25:00,C017,H04,1,50,32,50,0.0,50.0,32,18.0
495,O0168,2026-08-19 20:06:00,C040,H06,2,50,34,100,0.0,100.0,68,32.0
496,O0168,2026-08-19 20:06:00,C040,S10,2,33,18,66,0.0,66.0,36,30.0
497,O0168,2026-08-19 20:06:00,C040,H02,1,44,27,44,0.0,44.0,27,17.0
498,O0168,2026-08-19 20:06:00,C040,D01,1,18,8,18,0.0,18.0,8,10.0
499,O0169,2026-08-22 12:27:00,C037,H03,1,55,35,55,0.0,55.0,35,20.0
500,O0169,2026-08-22 12:27:00,C037,D06,3,14,6,42,0.0,42.0,18,24.0
501,O0169,2026-08-22 12:27:00,C037,S08,4,16,9,64,0.0,64.0,36,28.0
502,O0169,2026-08-22 12:27:00,C037,D05,3,21,15,63,0.0,63.0,45,18.0
503,O0169,2026-08-22 12:27:00,C037,H01,2,58,35,116,0.0,116.0,70,46.0
504,O0170,2026-08-15 10:54:00,C009,D04,3,16,8,48,0.0,48.0,24,24.0
505,O0170,2026-08-15 10:54:00,C009,D03,1,19,12,19,0.0,19.0,12,7.0
506,O0170,2026-08-15 10:54:00,C009,H03,1,55,35,55,0.0,55.0,35,20.0
507,O0170,2026-08-15 10:54:00,C009,S01,1,33,18,33,0.0,33.0,18,15.0
508,O0171,2026-08-19 13:10:00,C041,S10,3,33,18,99,0.0,99.0,54,45.0
509,O0171,2026-08-19 13:10:00,C041,H07,2,38,21,76,0.0,76.0,42,34.0
510,O0171,2026-08-19 13:10:00,C041,S05,4,13,8,52,0.0,52.0,32,20.0
511,O0171,2026-08-19 13:10:00,C041,S09,4,20,12,80,0.0,80.0,48,32.0
512,O0172,2026-08-30 20:08:00,C008,D06,1,14,6,14,0.0,14.0,6,8.0
513,O0172,2026-08-30 20:08:00,C008,H05,2,35,20,70,0.0,70.0,40,30.0
514,O0172,2026-08-30 20:08:00,C008,S07,3,18,9,54,0.0,54.0,27,27.0
515,O0172,2026-08-30 20:08:00,C008,D07,1,17,10,17,0.0,17.0,10,7.0
516,O0172,2026-08-30 20:08:00,C008,S05,2,13,8,26,0.0,26.0,16,10.0
517,O0173,2026-08-09 09:51:00,C010,D04,4,16,8,64,0.0,64.0,32,32.0
518,O0174,2026-08-22 13:02:00,C021,H06,1,50,34,50,0.0,50.0,34,16.0
519,O0174,2026-08-22 13:02:00,C021,D04,2,16,8,32,0.0,32.0,16,16.0
520,O0174,2026-08-22 13:02:00,C021,H05,1,35,20,35,0.0,35.0,20,15.0
521,O0174,2026-08-22 13:02:00,C021,S07,3,18,9,54,0.0,54.0,27,27.0
522,O0174,2026-08-22 13:02:00,C021,S01,1,33,18,33,0.0,33.0,18,15.0
523,O0175,2026-08-09 20:57:00,C044,H05,1,35,20,35,0.0,35.0,20,15.0
524,O0175,2026-08-09 20:57:00,C044,H02,1,44,27,44,0.0,44.0,27,17.0
525,O0175,2026-08-09 20:57:00,C044,H03,1,55,35,55,0.0,55.0,35,20.0
526,O0176,2026-08-15 15:47:00,C013,H06,2,50,34,100,0.0,100.0,68,32.0
527,O0176,2026-08-15 15:47:00,C013,D08,4,22,15,88,0.0,88.0,60,28.0
528,O0176,2026-08-15 15:47:00,C013,D05,2,21,15,42,0.0,42.0,30,12.0
529,O0176,2026-08-15 15:47:00,C013,S02,4,15,9,60,0.0,60.0,36,24.0
530,O0177,2026-08-23 16:24:00,C036,D02,4,17,8,68,0.0,68.0,32,36.0
531,O0177,2026-08-23 16:24:00,C036,S02,4,15,9,60,0.0,60.0,36,24.0
532,O0178,2026-08-12 20:42:00,C008,D05,4,21,15,84,0.0,84.0,60,24.0
533,O0178,2026-08-12 20:42:00,C008,D01,4,18,8,72,0.0,72.0,32,40.0
534,O0178,2026-08-12 20:42:00,C008,S01,3,33,18,99,0.0,99.0,54,45.0
535,O0179,2026-08-13 10:55:00,C031,S09,1,20,12,20,0.08,19.92,12,7.92
536,O0179,2026-08-13 10:55:00,C031,H01,2,58,35,116,0.48,115.52,70,45.52
537,O0179,2026-08-13 10:55:00,C031,D05,1,21,15,21,0.09,20.91,15,5.91
538,O0179,2026-08-13 10:55:00,C031,S10,2,33,18,66,0.27,65.73,36,29.73
539,O0179,2026-08-13 10:55:00,C031,S04,1,19,12,19,0.08,18.92,12,6.92
540,O0180,2026-08-05 15:03:00,C041,D06,1,14,6,14,0.0,14.0,6,8.0
541,O0180,2026-08-05 15:03:00,C041,H05,2,35,20,70,0.0,70.0,40,30.0
542,O0181,2026-08-11 11:00:00,C037,D04,1,16,8,16,0.0,16.0,8,8.0
543,O0181,2026-08-11 11:00:00,C037,D03,4,19,12,76,0.0,76.0,48,28.0
544,O0181,2026-08-11 11:00:00,C037,H05,1,35,20,35,0.0,35.0,20,15.0
545,O0181,2026-08-11 11:00:00,C037,H06,1,50,34,50,0.0,50.0,34,16.0
546,O0182,2026-08-10 20:37:00,C048,D02,3,17,8,51,0.0,51.0,24,27.0
547,O0182,2026-08-10 20:37:00,C048,S03,4,30,16,120,0.0,120.0,64,56.0
548,O0183,2026-08-04 21:47:00,C030,H01,1,58,35,58,0.0,58.0,35,23.0
549,O0183,2026-08-04 21:47:00,C030,S08,3,16,9,48,0.0,48.0,27,21.0
550,O0183,2026-08-04 21:47:00,C030,S03,4,30,16,120,0.0,120.0,64,56.0
551,O0184,2026-08-11 13:05:00,C024,H07,2,38,21,76,0.0,76.0,42,34.0
552,O0184,2026-08-11 13:05:00,C024,H05,1,35,20,35,0.0,35.0,20,15.0
553,O0184,2026-08-11 13:05:00,C024,D02,1,17,8,17,0.0,17.0,8,9.0
554,O0184,2026-08-11 13:05:00,C024,H02,1,44,27,44,0.0,44.0,27,17.0
555,O0185,2026-08-07 19:56:00,C037,D01,4,18,8,72,0.0,72.0,32,40.0
556,O0186,2026-08-15 12:20:00,C037,S09,3,20,12,60,0.0,60.0,36,24.0
557,O0186,2026-08-15 12:20:00,C037,D04,1,16,8,16,0.0,16.0,8,8.0
558,O0186,2026-08-15 12:20:00,C037,D07,1,17,10,17,0.0,17.0,10,7.0
559,O0187,2026-08-01 14:20:00,C003,H03,2,55,35,110,0.0,110.0,70,40.0
560,O0187,2026-08-01 14:20:00,C003,H06,1,50,34,50,0.0,50.0,34,16.0
561,O0187,2026-08-01 14:20:00,C003,D08,4,22,15,88,0.0,88.0,60,28.0
562,O0188,2026-08-22 16:07:00,C043,H07,1,38,21,38,0.0,38.0,21,17.0
563,O0188,2026-08-22 16:07:00,C043,D07,4,17,10,68,0.0,68.0,40,28.0
564,O0188,2026-08-22 16:07:00,C043,H02,1,44,27,44,0.0,44.0,27,17.0
565,O0188,2026-08-22 16:07:00,C043,D02,3,17,8,51,0.0,51.0,24,27.0
566,O0189,2026-08-09 08:19:00,C033,D04,4,16,8,64,0.0,64.0,32,32.0
567,O0189,2026-08-09 08:19:00,C033,S05,3,13,8,39,0.0,39.0,24,15.0
568,O0190,2026-08-24 14:39:00,C037,D03,2,19,12,38,0.0,38.0,24,14.0
569,O0190,2026-08-24 14:39:00,C037,S09,1,20,12,20,0.0,20.0,12,8.0
570,O0191,2026-08-06 13:19:00,C011,S01,2,33,18,66,0.0,66.0,36,30.0
571,O0192,2026-08-21 08:46:00,C010,S06,2,22,9,44,0.0,44.0,18,26.0
572,O0192,2026-08-21 08:46:00,C010,S03,2,30,16,60,0.0,60.0,32,28.0
573,O0193,2026-08-15 17:34:00,C045,S03,3,30,16,90,0.0,90.0,48,42.0
574,O0193,2026-08-15 17:34:00,C045,D01,1,18,8,18,0.0,18.0,8,10.0
575,O0193,2026-08-15 17:34:00,C045,S02,2,15,9,30,0.0,30.0,18,12.0
576,O0194,2026-08-22 11:39:00,C011,D06,4,14,6,56,0.0,56.0,24,32.0
577,O0194,2026-08-22 11:39:00,C011,S02,2,15,9,30,0.0,30.0,18,12.0
578,O0194,2026-08-22 11:39:00,C011,H04,1,50,32,50,0.0,50.0,32,18.0
579,O0194,2026-08-22 11:39:00,C011,S08,1,16,9,16,0.0,16.0,9,7.0
580,O0194,2026-08-22 11:39:00,C011,D01,4,18,8,72,0.0,72.0,32,40.0
581,O0195,2026-08-29 10:03:00,C029,S06,4,22,9,88,0.0,88.0,36,52.0
582,O0195,2026-08-29 10:03:00,C029,H04,1,50,32,50,0.0,50.0,32,18.0
583,O0195,2026-08-29 10:03:00,C029,D04,2,16,8,32,0.0,32.0,16,16.0
584,O0195,2026-08-29 10:03:00,C029,D01,2,18,8,36,0.0,36.0,16,20.0
585,O0195,2026-08-29 10:03:00,C029,D06,1,14,6,14,0.0,14.0,6,8.0
586,O0196,2026-08-22 21:48:00,C001,S02,4,15,9,60,0.38,59.62,36,23.62
587,O0196,2026-08-22 21:48:00,C001,S10,3,33,18,99,0.62,98.38,54,44.38
588,O0197,2026-08-05 14:18:00,C048,D01,4,18,8,72,0.0,72.0,32,40.0
589,O0198,2026-08-21 10:39:00,C011,D04,3,16,8,48,0.0,48.0,24,24.0
590,O0199,2026-08-19 19:48:00,C017,S07,1,18,9,18,0.0,18.0,9,9.0
591,O0199,2026-08-19 19:48:00,C017,H03,1,55,35,55,0.0,55.0,35,20.0
592,O0199,2026-08-19 19:48:00,C017,D02,3,17,8,51,0.0,51.0,24,27.0
593,O0199,2026-08-19 19:48:00,C017,S04,2,19,12,38,0.0,38.0,24,14.0
594,O0200,2026-08-03 08:17:00,C030,S06,4,22,9,88,0.0,88.0,36,52.0
595,O0200,2026-08-03 08:17:00,C030,D08,2,22,15,44,0.0,44.0,30,14.0
596,O0200,2026-08-03 08:17:00,C030,H03,2,55,35,110,0.0,110.0,70,40.0
597,O0201,2026-08-01 20:28:00,C029,S05,2,13,8,26,0.0,26.0,16,10.0
598,O0201,2026-08-01 20:28:00,C029,S03,2,30,16,60,0.0,60.0,32,28.0
599,O0201,2026-08-01 20:28:00,C029,D03,3,19,12,57,0.0,57.0,36,21.0
600,O0201,2026-08-01 20:28:00,C029,S10,3,33,18,99,0.0,99.0,54,45.0
601,O0202,2026-08-04 20:55:00,C012,D03,1,19,12,19,0.0,19.0,12,7.0
602,O0202,2026-08-04 20:55:00,C012,H04,1,50,32,50,0.0,50.0,32,18.0
603,O0202,2026-08-04 20:55:00,C012,S07,4,18,9,72,0.0,72.0,36,36.0
604,O0202,2026-08-04 20:55:00,C012,S04,4,19,12,76,0.0,76.0,48,28.0
605,O0203,2026-08-03 15:11:00,C016,S05,2,13,8,26,0.0,26.0,16,10.0
606,O0203,2026-08-03 15:11:00,C016,D08,3,22,15,66,0.0,66.0,45,21.0
607,O0203,2026-08-03 15:11:00,C016,S01,4,33,18,132,0.0,132.0,72,60.0
608,O0203,2026-08-03 15:11:00,C016,D06,3,14,6,42,0.0,42.0,18,24.0
609,O0203,2026-08-03 15:11:00,C016,S02,4,15,9,60,0.0,60.0,36,24.0
610,O0204,2026-08-09 13:14:00,C015,D03,2,19,12,38,0.0,38.0,24,14.0
611,O0204,2026-08-09 13:14:00,C015,S07,1,18,9,18,0.0,18.0,9,9.0
612,O0204,2026-08-09 13:14:00,C015,S09,2,20,12,40,0.0,40.0,24,16.0
613,O0204,2026-08-09 13:14:00,C015,H07,2,38,21,76,0.0,76.0,42,34.0
614,O0205,2026-08-18 11:36:00,C013,D01,1,18,8,18,0.0,18.0,8,10.0
615,O0206,2026-08-30 08:29:00,C001,D06,4,14,6,56,0.0,56.0,24,32.0
616,O0206,2026-08-30 08:29:00,C001,S08,2,16,9,32,0.0,32.0,18,14.0
617,O0206,2026-08-30 08:29:00,C001,S07,4,18,9,72,0.0,72.0,36,36.0
618,O0206,2026-08-30 08:29:00,C001,S01,3,33,18,99,0.0,99.0,54,45.0
619,O0206,2026-08-30 08:29:00,C001,D03,1,19,12,19,0.0,19.0,12,7.0
620,O0207,2026-08-13 16:32:00,C006,D06,2,14,6,28,0.0,28.0,12,16.0
621,O0207,2026-08-13 16:32:00,C006,S07,2,18,9,36,0.0,36.0,18,18.0
622,O0207,2026-08-13 16:32:00,C006,H07,2,38,21,76,0.0,76.0,42,34.0
623,O0208,2026-08-03 10:32:00,C040,S05,3,13,8,39,0.0,39.0,24,15.0
624,O0209,2026-08-11 09:29:00,C027,H04,1,50,32,50,0.0,50.0,32,18.0
625,O0209,2026-08-11 09:29:00,C027,S06,1,22,9,22,0.0,22.0,9,13.0
626,O0209,2026-08-11 09:29:00,C027,S08,4,16,9,64,0.0,64.0,36,28.0
627,O0209,2026-08-11 09:29:00,C027,S02,2,15,9,30,0.0,30.0,18,12.0
628,O0209,2026-08-11 09:29:00,C027,D06,2,14,6,28,0.0,28.0,12,16.0
629,O0210,2026-08-28 10:07:00,C035,S04,1,19,12,19,0.0,19.0,12,7.0
630,O0210,2026-08-28 10:07:00,C035,H03,1,55,35,55,0.0,55.0,35,20.0
631,O0210,2026-08-28 10:07:00,C035,S03,3,30,16,90,0.0,90.0,48,42.0
632,O0210,2026-08-28 10:07:00,C035,S07,3,18,9,54,0.0,54.0,27,27.0
633,O0210,2026-08-28 10:07:00,C035,H04,1,50,32,50,0.0,50.0,32,18.0
634,O0211,2026-08-28 20:54:00,C007,H05,1,35,20,35,0.12,34.88,20,14.88
635,O0211,2026-08-28 20:54:00,C007,D03,1,19,12,19,0.06,18.94,12,6.94
636,O0211,2026-08-28 20:54:00,C007,H03,2,55,35,110,0.37,109.63,70,39.63
637,O0211,2026-08-28 20:54:00,C007,S10,3,33,18,99,0.33,98.67,54,44.67
638,O0211,2026-08-28 20:54:00,C007,H07,1,38,21,38,0.13,37.87,21,16.87
639,O0212,2026-08-14 08:24:00,C035,D08,1,22,15,22,0.0,22.0,15,7.0
640,O0213,2026-08-13 17:02:00,C041,H02,1,44,27,44,0.0,44.0,27,17.0
641,O0213,2026-08-13 17:02:00,C041,H06,1,50,34,50,0.0,50.0,34,16.0
642,O0213,2026-08-13 17:02:00,C041,S03,2,30,16,60,0.0,60.0,32,28.0
643,O0213,2026-08-13 17:02:00,C041,H01,2,58,35,116,0.0,116.0,70,46.0
644,O0213,2026-08-13 17:02:00,C041,H05,2,35,20,70,0.0,70.0,40,30.0
645,O0214,2026-08-14 11:49:00,C010,H06,1,50,34,50,0.0,50.0,34,16.0
646,O0215,2026-08-22 12:02:00,C009,S06,1,22,9,22,0.13,21.87,9,12.87
647,O0215,2026-08-22 12:02:00,C009,H04,2,50,32,100,0.59,99.41,64,35.41
648,O0215,2026-08-22 12:02:00,C009,S08,3,16,9,48,0.28,47.72,27,20.72
649,O0216,2026-08-05 13:38:00,C016,D07,1,17,10,17,0.0,17.0,10,7.0
650,O0216,2026-08-05 13:38:00,C016,H01,2,58,35,116,0.0,116.0,70,46.0
651,O0216,2026-08-05 13:38:00,C016,S06,2,22,9,44,0.0,44.0,18,26.0
652,O0216,2026-08-05 13:38:00,C016,S08,4,16,9,64,0.0,64.0,36,28.0
653,O0216,2026-08-05 13:38:00,C016,H07,2,38,21,76,0.0,76.0,42,34.0
654,O0217,2026-08-18 09:35:00,C029,S02,2,15,9,30,0.0,30.0,18,12.0
655,O0217,2026-08-18 09:35:00,C029,D08,1,22,15,22,0.0,22.0,15,7.0
656,O0217,2026-08-18 09:35:00,C029,S05,4,13,8,52,0.0,52.0,32,20.0
657,O0217,2026-08-18 09:35:00,C029,D02,3,17,8,51,0.0,51.0,24,27.0
658,O0218,2026-08-02 10:29:00,C032,H06,2,50,34,100,0.0,100.0,68,32.0
659,O0219,2026-08-03 15:56:00,C044,H03,1,55,35,55,0.0,55.0,35,20.0
660,O0219,2026-08-03 15:56:00,C044,D03,2,19,12,38,0.0,38.0,24,14.0
661,O0219,2026-08-03 15:56:00,C044,H05,1,35,20,35,0.0,35.0,20,15.0
662,O0220,2026-08-04 10:22:00,C023,H06,2,50,34,100,0.0,100.0,68,32.0
663,O0220,2026-08-04 10:22:00,C023,H02,1,44,27,44,0.0,44.0,27,17.0
664,O0220,2026-08-04 10:22:00,C023,H05,1,35,20,35,0.0,35.0,20,15.0
665,O0220,2026-08-04 10:22:00,C023,H01,1,58,35,58,0.0,58.0,35,23.0
666,O0220,2026-08-04 10:22:00,C023,S03,1,30,16,30,0.0,30.0,16,14.0
667,O0221,2026-08-09 14:21:00,C003,S10,2,33,18,66,0.0,66.0,36,30.0
668,O0221,2026-08-09 14:21:00,C003,H05,1,35,20,35,0.0,35.0,20,15.0
669,O0222,2026-08-05 14:01:00,C025,D08,2,22,15,44,0.0,44.0,30,14.0
670,O0222,2026-08-05 14:01:00,C025,S03,2,30,16,60,0.0,60.0,32,28.0
671,O0222,2026-08-05 14:01:00,C025,H07,2,38,21,76,0.0,76.0,42,34.0
672,O0222,2026-08-05 14:01:00,C025,H01,2,58,35,116,0.0,116.0,70,46.0
673,O0223,2026-08-22 12:42:00,C034,D03,1,19,12,19,0.0,19.0,12,7.0
674,O0224,2026-08-04 15:31:00,C013,H04,1,50,32,50,0.0,50.0,32,18.0
675,O0224,2026-08-04 15:31:00,C013,S07,2,18,9,36,0.0,36.0,18,18.0
676,O0224,2026-08-04 15:31:00,C013,D08,4,22,15,88,0.0,88.0,60,28.0
677,O0224,2026-08-04 15:31:00,C013,S05,3,13,8,39,0.0,39.0,24,15.0
678,O0225,2026-08-12 15:40:00,C047,S08,3,16,9,48,0.0,48.0,27,21.0
679,O0225,2026-08-12 15:40:00,C047,S05,4,13,8,52,0.0,52.0,32,20.0
680,O0225,2026-08-12 15:40:00,C047,S10,1,33,18,33,0.0,33.0,18,15.0
681,O0226,2026-08-12 07:28:00,C002,D03,4,19,12,76,0.0,76.0,48,28.0
682,O0226,2026-08-12 07:28:00,C002,S05,4,13,8,52,0.0,52.0,32,20.0
683,O0226,2026-08-12 07:28:00,C002,D02,2,17,8,34,0.0,34.0,16,18.0
684,O0226,2026-08-12 07:28:00,C002,S10,1,33,18,33,0.0,33.0,18,15.0
685,O0227,2026-08-29 19:42:00,C024,H02,1,44,27,44,0.0,44.0,27,17.0
686,O0227,2026-08-29 19:42:00,C024,D03,2,19,12,38,0.0,38.0,24,14.0
687,O0227,2026-08-29 19:42:00,C024,S02,2,15,9,30,0.0,30.0,18,12.0
688,O0228,2026-08-06 17:41:00,C026,H04,1,50,32,50,0.0,50.0,32,18.0
689,O0228,2026-08-06 17:41:00,C026,H02,1,44,27,44,0.0,44.0,27,17.0
690,O0229,2026-08-22 09:28:00,C015,H03,2,55,35,110,0.0,110.0,70,40.0
691,O0229,2026-08-22 09:28:00,C015,S06,4,22,9,88,0.0,88.0,36,52.0
692,O0230,2026-08-22 13:50:00,C012,H06,2,50,34,100,0.0,100.0,68,32.0
693,O0230,2026-08-22 13:50:00,C012,S05,1,13,8,13,0.0,13.0,8,5.0
694,O0230,2026-08-22 13:50:00,C012,H02,1,44,27,44,0.0,44.0,27,17.0
695,O0231,2026-08-05 17:47:00,C029,H07,1,38,21,38,0.0,38.0,21,17.0
696,O0231,2026-08-05 17:47:00,C029,S02,1,15,9,15,0.0,15.0,9,6.0
697,O0231,2026-08-05 17:47:00,C029,D04,4,16,8,64,0.0,64.0,32,32.0
698,O0231,2026-08-05 17:47:00,C029,S08,1,16,9,16,0.0,16.0,9,7.0
699,O0232,2026-08-21 09:08:00,C007,S05,4,13,8,52,0.0,52.0,32,20.0
700,O0233,2026-08-14 20:20:00,C017,H03,1,55,35,55,0.0,55.0,35,20.0
701,O0233,2026-08-14 20:20:00,C017,H02,1,44,27,44,0.0,44.0,27,17.0
702,O0233,2026-08-14 20:20:00,C017,H05,2,35,20,70,0.0,70.0,40,30.0
703,O0234,2026-08-21 21:31:00,C033,S10,1,33,18,33,0.0,33.0,18,15.0
704,O0234,2026-08-21 21:31:00,C033,H01,2,58,35,116,0.0,116.0,70,46.0
705,O0234,2026-08-21 21:31:00,C033,S06,3,22,9,66,0.0,66.0,27,39.0
706,O0234,2026-08-21 21:31:00,C033,S04,4,19,12,76,0.0,76.0,48,28.0
707,O0234,2026-08-21 21:31:00,C033,S02,4,15,9,60,0.0,60.0,36,24.0
708,O0235,2026-08-13 18:43:00,C018,H03,2,55,35,110,0.0,110.0,70,40.0
709,O0235,2026-08-13 18:43:00,C018,D01,3,18,8,54,0.0,54.0,24,30.0
710,O0235,2026-08-13 18:43:00,C018,D07,4,17,10,68,0.0,68.0,40,28.0
711,O0235,2026-08-13 18:43:00,C018,S07,2,18,9,36,0.0,36.0,18,18.0
712,O0236,2026-08-11 11:26:00,C007,D07,4,17,10,68,0.0,68.0,40,28.0
713,O0236,2026-08-11 11:26:00,C007,S02,1,15,9,15,0.0,15.0,9,6.0
714,O0236,2026-08-11 11:26:00,C007,H03,1,55,35,55,0.0,55.0,35,20.0
715,O0236,2026-08-11 11:26:00,C007,S03,1,30,16,30,0.0,30.0,16,14.0
716,O0236,2026-08-11 11:26:00,C007,S08,2,16,9,32,0.0,32.0,18,14.0
717,O0237,2026-08-14 20:34:00,C047,S05,1,13,8,13,0.0,13.0,8,5.0
718,O0237,2026-08-14 20:34:00,C047,S04,3,19,12,57,0.0,57.0,36,21.0
719,O0237,2026-08-14 20:34:00,C047,H07,1,38,21,38,0.0,38.0,21,17.0
720,O0237,2026-08-14 20:34:00,C047,D05,3,21,15,63,0.0,63.0,45,18.0
721,O0237,2026-08-14 20:34:00,C047,D06,1,14,6,14,0.0,14.0,6,8.0
722,O0238,2026-08-02 12:27:00,C026,H04,2,50,32,100,0.0,100.0,64,36.0
723,O0238,2026-08-02 12:27:00,C026,S06,4,22,9,88,0.0,88.0,36,52.0
724,O0238,2026-08-02 12:27:00,C026,D02,3,17,8,51,0.0,51.0,24,27.0
725,O0238,2026-08-02 12:27:00,C026,D03,4,19,12,76,0.0,76.0,48,28.0
726,O0238,2026-08-02 12:27:00,C026,D06,2,14,6,28,0.0,28.0,12,16.0
727,O0239,2026-08-27 20:51:00,C031,H04,2,50,32,100,0.0,100.0,64,36.0
728,O0240,2026-08-11 21:35:00,C031,D03,3,19,12,57,0.0,57.0,36,21.0
729,O0240,2026-08-11 21:35:00,C031,D02,2,17,8,34,0.0,34.0,16,18.0
730,O0241,2026-08-19 11:49:00,C020,D05,2,21,15,42,0.0,42.0,30,12.0
731,O0241,2026-08-19 11:49:00,C020,S01,4,33,18,132,0.0,132.0,72,60.0
732,O0241,2026-08-19 11:49:00,C020,H05,2,35,20,70,0.0,70.0,40,30.0
733,O0241,2026-08-19 11:49:00,C020,D04,3,16,8,48,0.0,48.0,24,24.0
734,O0241,2026-08-19 11:49:00,C020,D03,2,19,12,38,0.0,38.0,24,14.0
735,O0242,2026-08-29 17:11:00,C001,S09,4,20,12,80,0.0,80.0,48,32.0
736,O0243,2026-08-10 20:39:00,C003,H02,1,44,27,44,0.0,44.0,27,17.0
737,O0243,2026-08-10 20:39:00,C003,S01,3,33,18,99,0.0,99.0,54,45.0
738,O0243,2026-08-10 20:39:00,C003,S06,4,22,9,88,0.0,88.0,36,52.0
739,O0243,2026-08-10 20:39:00,C003,S02,2,15,9,30,0.0,30.0,18,12.0
740,O0244,2026-08-24 19:33:00,C002,S03,1,30,16,30,0.0,30.0,16,14.0
741,O0245,2026-08-03 08:12:00,C010,H02,2,44,27,88,0.0,88.0,54,34.0
742,O0245,2026-08-03 08:12:00,C010,D04,4,16,8,64,0.0,64.0,32,32.0
743,O0245,2026-08-03 08:12:00,C010,S07,3,18,9,54,0.0,54.0,27,27.0
744,O0245,2026-08-03 08:12:00,C010,S04,4,19,12,76,0.0,76.0,48,28.0
745,O0245,2026-08-03 08:12:00,C010,S06,1,22,9,22,0.0,22.0,9,13.0
746,O0246,2026-08-14 19:57:00,C041,S08,2,16,9,32,0.0,32.0,18,14.0
747,O0246,2026-08-14 19:57:00,C041,D06,4,14,6,56,0.0,56.0,24,32.0
748,O0246,2026-08-14 19:57:00,C041,D04,4,16,8,64,0.0,64.0,32,32.0
749,O0246,2026-08-14 19:57:00,C041,S06,3,22,9,66,0.0,66.0,27,39.0
750,O0246,2026-08-14 19:57:00,C041,S02,3,15,9,45,0.0,45.0,27,18.0
751,O0247,2026-08-03 11:02:00,C040,S09,1,20,12,20,0.0,20.0,12,8.0
752,O0247,2026-08-03 11:02:00,C040,D05,3,21,15,63,0.0,63.0,45,18.0
753,O0247,2026-08-03 11:02:00,C040,H07,1,38,21,38,0.0,38.0,21,17.0
754,O0247,2026-08-03 11:02:00,C040,H06,1,50,34,50,0.0,50.0,34,16.0
755,O0247,2026-08-03 11:02:00,C040,H05,2,35,20,70,0.0,70.0,40,30.0
756,O0248,2026-08-25 12:52:00,C035,D02,1,17,8,17,0.0,17.0,8,9.0
757,O0248,2026-08-25 12:52:00,C035,D04,1,16,8,16,0.0,16.0,8,8.0
758,O0248,2026-08-25 12:52:00,C035,D08,3,22,15,66,0.0,66.0,45,21.0
759,O0249,2026-08-12 14:46:00,C009,H03,1,55,35,55,0.0,55.0,35,20.0
760,O0249,2026-08-12 14:46:00,C009,S09,1,20,12,20,0.0,20.0,12,8.0
761,O0249,2026-08-12 14:46:00,C009,S07,4,18,9,72,0.0,72.0,36,36.0
762,O0250,2026-08-18 19:47:00,C005,D06,3,14,6,42,0.0,42.0,18,24.0
763,O0250,2026-08-18 19:47:00,C005,D02,1,17,8,17,0.0,17.0,8,9.0
764,O0250,2026-08-18 19:47:00,C005,D03,2,19,12,38,0.0,38.0,24,14.0
765,O0251,2026-08-15 12:42:00,C036,S03,3,30,16,90,0.0,90.0,48,42.0
766,O0251,2026-08-15 12:42:00,C036,S06,1,22,9,22,0.0,22.0,9,13.0
767,O0252,2026-08-16 09:34:00,C049,D03,3,19,12,57,0.0,57.0,36,21.0
768,O0252,2026-08-16 09:34:00,C049,S03,2,30,16,60,0.0,60.0,32,28.0
769,O0252,2026-08-16 09:34:00,C049,S01,1,33,18,33,0.0,33.0,18,15.0
770,O0252,2026-08-16 09:34:00,C049,D05,4,21,15,84,0.0,84.0,60,24.0
771,O0253,2026-08-29 21:15:00,C043,H01,2,58,35,116,0.0,116.0,70,46.0
772,O0253,2026-08-29 21:15:00,C043,D08,4,22,15,88,0.0,88.0,60,28.0
773,O0253,2026-08-29 21:15:00,C043,H07,1,38,21,38,0.0,38.0,21,17.0
774,O0253,2026-08-29 21:15:00,C043,H02,2,44,27,88,0.0,88.0,54,34.0
775,O0253,2026-08-29 21:15:00,C043,S09,2,20,12,40,0.0,40.0,24,16.0
776,O0254,2026-08-07 07:02:00,C012,H03,2,55,35,110,0.0,110.0,70,40.0
777,O0254,2026-08-07 07:02:00,C012,S10,4,33,18,132,0.0,132.0,72,60.0
778,O0254,2026-08-07 07:02:00,C012,S05,4,13,8,52,0.0,52.0,32,20.0
779,O0255,2026-08-10 19:30:00,C009,S06,1,22,9,22,0.0,22.0,9,13.0
780,O0255,2026-08-10 19:30:00,C009,H01,2,58,35,116,0.0,116.0,70,46.0
781,O0256,2026-08-14 12:43:00,C012,S08,3,16,9,48,0.0,48.0,27,21.0
782,O0257,2026-08-18 13:17:00,C016,H03,1,55,35,55,0.77,54.23,35,19.23
783,O0257,2026-08-18 13:17:00,C016,S02,4,15,9,60,0.84,59.16,36,23.16
784,O0257,2026-08-18 13:17:00,C016,H06,2,50,34,100,1.4,98.6,68,30.6
785,O0258,2026-08-26 12:55:00,C031,D01,2,18,8,36,0.0,36.0,16,20.0
786,O0258,2026-08-26 12:55:00,C031,S07,4,18,9,72,0.0,72.0,36,36.0
787,O0258,2026-08-26 12:55:00,C031,S05,1,13,8,13,0.0,13.0,8,5.0
788,O0259,2026-08-11 07:03:00,C038,D03,3,19,12,57,0.0,57.0,36,21.0
789,O0260,2026-08-14 08:35:00,C030,D02,2,17,8,34,0.0,34.0,16,18.0
790,O0260,2026-08-14 08:35:00,C030,H05,1,35,20,35,0.0,35.0,20,15.0
791,O0261,2026-08-29 12:54:00,C015,H04,2,50,32,100,0.0,100.0,64,36.0
792,O0261,2026-08-29 12:54:00,C015,H06,1,50,34,50,0.0,50.0,34,16.0
793,O0262,2026-08-21 19:46:00,C031,D07,4,17,10,68,0.38,67.62,40,27.62
794,O0262,2026-08-21 19:46:00,C031,H03,2,55,35,110,0.62,109.38,70,39.38
795,O0263,2026-08-29 20:02:00,C001,H07,1,38,21,38,0.0,38.0,21,17.0
796,O0263,2026-08-29 20:02:00,C001,H05,1,35,20,35,0.0,35.0,20,15.0
797,O0264,2026-08-11 12:09:00,C022,H01,1,58,35,58,0.0,58.0,35,23.0
798,O0264,2026-08-11 12:09:00,C022,H05,1,35,20,35,0.0,35.0,20,15.0
799,O0264,2026-08-11 12:09:00,C022,D06,1,14,6,14,0.0,14.0,6,8.0
800,O0264,2026-08-11 12:09:00,C022,S05,1,13,8,13,0.0,13.0,8,5.0
801,O0265,2026-08-26 10:53:00,C039,S01,4,33,18,132,0.0,132.0,72,60.0
802,O0266,2026-08-18 07:54:00,C029,H05,2,35,20,70,0.0,70.0,40,30.0
803,O0266,2026-08-18 07:54:00,C029,H04,1,50,32,50,0.0,50.0,32,18.0
804,O0266,2026-08-18 07:54:00,C029,D06,1,14,6,14,0.0,14.0,6,8.0
805,O0267,2026-08-30 14:33:00,C033,S10,4,33,18,132,0.0,132.0,72,60.0
806,O0268,2026-08-04 14:42:00,C015,D06,2,14,6,28,0.0,28.0,12,16.0
807,O0268,2026-08-04 14:42:00,C015,H02,2,44,27,88,0.0,88.0,54,34.0
808,O0268,2026-08-04 14:42:00,C015,S07,1,18,9,18,0.0,18.0,9,9.0
809,O0269,2026-08-10 09:28:00,C013,S06,2,22,9,44,2.2,41.8,18,23.8
810,O0269,2026-08-10 09:28:00,C013,S04,4,19,12,76,3.8,72.2,48,24.2
811,O0270,2026-08-30 14:55:00,C032,D08,4,22,15,88,0.0,88.0,60,28.0
812,O0270,2026-08-30 14:55:00,C032,S03,4,30,16,120,0.0,120.0,64,56.0
813,O0271,2026-08-07 18:15:00,C044,H07,1,38,21,38,0.0,38.0,21,17.0
814,O0271,2026-08-07 18:15:00,C044,D04,2,16,8,32,0.0,32.0,16,16.0
815,O0272,2026-08-26 11:48:00,C021,D08,4,22,15,88,0.0,88.0,60,28.0
816,O0272,2026-08-26 11:48:00,C021,S08,1,16,9,16,0.0,16.0,9,7.0
817,O0272,2026-08-26 11:48:00,C021,H04,2,50,32,100,0.0,100.0,64,36.0
818,O0272,2026-08-26 11:48:00,C021,D03,4,19,12,76,0.0,76.0,48,28.0
819,O0272,2026-08-26 11:48:00,C021,S07,2,18,9,36,0.0,36.0,18,18.0
820,O0273,2026-08-06 20:28:00,C031,H01,2,58,35,116,0.0,116.0,70,46.0
821,O0273,2026-08-06 20:28:00,C031,D01,3,18,8,54,0.0,54.0,24,30.0
822,O0273,2026-08-06 20:28:00,C031,S02,2,15,9,30,0.0,30.0,18,12.0
823,O0274,2026-08-07 13:30:00,C015,D02,4,17,8,68,0.0,68.0,32,36.0
824,O0274,2026-08-07 13:30:00,C015,S01,1,33,18,33,0.0,33.0,18,15.0
825,O0274,2026-08-07 13:30:00,C015,S06,1,22,9,22,0.0,22.0,9,13.0
826,O0274,2026-08-07 13:30:00,C015,H04,2,50,32,100,0.0,100.0,64,36.0
827,O0275,2026-08-11 19:28:00,C015,D06,3,14,6,42,0.0,42.0,18,24.0
828,O0275,2026-08-11 19:28:00,C015,S08,2,16,9,32,0.0,32.0,18,14.0
829,O0276,2026-08-08 16:29:00,C024,D08,1,22,15,22,0.0,22.0,15,7.0
830,O0276,2026-08-08 16:29:00,C024,H05,2,35,20,70,0.0,70.0,40,30.0
831,O0276,2026-08-08 16:29:00,C024,S09,2,20,12,40,0.0,40.0,24,16.0
832,O0276,2026-08-08 16:29:00,C024,H02,2,44,27,88,0.0,88.0,54,34.0
833,O0276,2026-08-08 16:29:00,C024,D02,4,17,8,68,0.0,68.0,32,36.0
834,O0277,2026-08-26 18:31:00,C050,S01,4,33,18,132,0.0,132.0,72,60.0
835,O0278,2026-08-01 19:13:00,C016,S08,1,16,9,16,0.0,16.0,9,7.0
836,O0278,2026-08-01 19:13:00,C016,H03,2,55,35,110,0.0,110.0,70,40.0
837,O0278,2026-08-01 19:13:00,C016,S09,3,20,12,60,0.0,60.0,36,24.0
838,O0279,2026-08-26 20:59:00,C049,S04,4,19,12,76,0.96,75.04,48,27.04
839,O0279,2026-08-26 20:59:00,C049,D02,2,17,8,34,0.43,33.57,16,17.57
840,O0279,2026-08-26 20:59:00,C049,S03,1,30,16,30,0.38,29.62,16,13.62
841,O0279,2026-08-26 20:59:00,C049,S07,1,18,9,18,0.23,17.77,9,8.77
842,O0280,2026-08-02 08:05:00,C003,S04,1,19,12,19,0.0,19.0,12,7.0
843,O0280,2026-08-02 08:05:00,C003,S06,1,22,9,22,0.0,22.0,9,13.0
844,O0281,2026-08-02 13:31:00,C040,S01,3,33,18,99,0.0,99.0,54,45.0
845,O0281,2026-08-02 13:31:00,C040,S03,1,30,16,30,0.0,30.0,16,14.0
846,O0282,2026-08-13 13:34:00,C003,D06,2,14,6,28,0.0,28.0,12,16.0
847,O0282,2026-08-13 13:34:00,C003,S05,3,13,8,39,0.0,39.0,24,15.0
848,O0282,2026-08-13 13:34:00,C003,H02,1,44,27,44,0.0,44.0,27,17.0
849,O0282,2026-08-13 13:34:00,C003,H07,1,38,21,38,0.0,38.0,21,17.0
850,O0283,2026-08-30 10:43:00,C030,S04,1,19,12,19,0.0,19.0,12,7.0
851,O0284,2026-08-03 12:03:00,C043,S04,4,19,12,76,0.0,76.0,48,28.0
852,O0284,2026-08-03 12:03:00,C043,H02,1,44,27,44,0.0,44.0,27,17.0
853,O0284,2026-08-03 12:03:00,C043,D06,3,14,6,42,0.0,42.0,18,24.0
854,O0284,2026-08-03 12:03:00,C043,H04,1,50,32,50,0.0,50.0,32,18.0
855,O0285,2026-08-20 17:30:00,C029,H02,2,44,27,88,0.0,88.0,54,34.0
856,O0285,2026-08-20 17:30:00,C029,H01,1,58,35,58,0.0,58.0,35,23.0
857,O0285,2026-08-20 17:30:00,C029,S03,1,30,16,30,0.0,30.0,16,14.0
858,O0286,2026-08-23 21:54:00,C035,D02,4,17,8,68,0.0,68.0,32,36.0
859,O0286,2026-08-23 21:54:00,C035,S05,3,13,8,39,0.0,39.0,24,15.0
860,O0286,2026-08-23 21:54:00,C035,H03,2,55,35,110,0.0,110.0,70,40.0
861,O0287,2026-08-30 12:58:00,C045,S03,1,30,16,30,0.43,29.57,16,13.57
862,O0287,2026-08-30 12:58:00,C045,S09,1,20,12,20,0.29,19.71,12,7.71
863,O0287,2026-08-30 12:58:00,C045,H02,2,44,27,88,1.28,86.72,54,32.72
864,O0288,2026-08-12 13:34:00,C014,H01,2,58,35,116,0.0,116.0,70,46.0
865,O0288,2026-08-12 13:34:00,C014,D05,1,21,15,21,0.0,21.0,15,6.0
866,O0288,2026-08-12 13:34:00,C014,H03,1,55,35,55,0.0,55.0,35,20.0
867,O0288,2026-08-12 13:34:00,C014,S03,2,30,16,60,0.0,60.0,32,28.0
868,O0289,2026-08-13 10:42:00,C028,D08,3,22,15,66,0.0,66.0,45,21.0
869,O0289,2026-08-13 10:42:00,C028,S02,3,15,9,45,0.0,45.0,27,18.0
870,O0289,2026-08-13 10:42:00,C028,H03,2,55,35,110,0.0,110.0,70,40.0
871,O0290,2026-08-17 10:19:00,C021,S06,4,22,9,88,0.0,88.0,36,52.0
872,O0290,2026-08-17 10:19:00,C021,D04,4,16,8,64,0.0,64.0,32,32.0
873,O0291,2026-08-02 08:41:00,C002,H05,1,35,20,35,0.0,35.0,20,15.0
874,O0291,2026-08-02 08:41:00,C002,D02,3,17,8,51,0.0,51.0,24,27.0
875,O0291,2026-08-02 08:41:00,C002,D03,2,19,12,38,0.0,38.0,24,14.0
876,O0292,2026-08-11 19:56:00,C016,S02,1,15,9,15,0.07,14.93,9,5.93
877,O0292,2026-08-11 19:56:00,C016,S09,4,20,12,80,0.38,79.62,48,31.62
878,O0292,2026-08-11 19:56:00,C016,S08,1,16,9,16,0.08,15.92,9,6.92
879,O0292,2026-08-11 19:56:00,C016,D04,2,16,8,32,0.15,31.85,16,15.85
880,O0292,2026-08-11 19:56:00,C016,S06,3,22,9,66,0.32,65.68,27,38.68
881,O0293,2026-08-17 07:25:00,C020,H04,2,50,32,100,0.0,100.0,64,36.0
882,O0294,2026-08-04 19:34:00,C007,H03,2,55,35,110,0.0,110.0,70,40.0
883,O0294,2026-08-04 19:34:00,C007,S06,2,22,9,44,0.0,44.0,18,26.0
884,O0294,2026-08-04 19:34:00,C007,S08,3,16,9,48,0.0,48.0,27,21.0
885,O0294,2026-08-04 19:34:00,C007,S02,2,15,9,30,0.0,30.0,18,12.0
886,O0295,2026-08-28 12:04:00,C019,S10,1,33,18,33,0.0,33.0,18,15.0
887,O0295,2026-08-28 12:04:00,C019,H04,1,50,32,50,0.0,50.0,32,18.0
888,O0295,2026-08-28 12:04:00,C019,S04,1,19,12,19,0.0,19.0,12,7.0
889,O0296,2026-08-09 20:35:00,C026,H03,1,55,35,55,0.0,55.0,35,20.0
890,O0297,2026-08-12 07:15:00,C022,S05,1,13,8,13,0.0,13.0,8,5.0
891,O0298,2026-08-06 19:35:00,C013,S05,1,13,8,13,0.0,13.0,8,5.0
892,O0298,2026-08-06 19:35:00,C013,S07,2,18,9,36,0.0,36.0,18,18.0
893,O0298,2026-08-06 19:35:00,C013,H05,1,35,20,35,0.0,35.0,20,15.0
894,O0299,2026-08-02 07:33:00,C047,D07,1,17,10,17,0.0,17.0,10,7.0
895,O0299,2026-08-02 07:33:00,C047,D05,2,21,15,42,0.0,42.0,30,12.0
896,O0299,2026-08-02 07:33:00,C047,H06,2,50,34,100,0.0,100.0,68,32.0
897,O0299,2026-08-02 07:33:00,C047,S08,3,16,9,48,0.0,48.0,27,21.0
898,O0299,2026-08-02 07:33:00,C047,D02,2,17,8,34,0.0,34.0,16,18.0
899,O0300,2026-08-16 17:42:00,C030,D07,3,17,10,51,0.0,51.0,30,21.0
